LSOAs,Ethnic_BAME,percent_BAME
E01000907,379,26.5
E01000908,436,27.6
E01000909,257,15.9
E01000912,360,22.7
E01000913,202,11.8
E01000893,186,11.9
E01000894,219,15.8
E01000895,329,20.2
E01000896,257,15.2
E01000899,215,12.9
E01000910,233,15.8
E01000911,343,22
E01000921,464,23.6
E01000923,312,20.9
E01000928,428,25.5
E01000878,512,31.5
E01000879,286,19.6
E01000880,388,24.2
E01000884,296,20.1
E01000885,360,24.3
E01000871,495,29.7
E01000872,629,33.1
E01000873,307,18.7
E01000874,381,24.4
E01000877,329,20.9
E01000886,248,17.2
E01000887,340,22.9
E01000888,360,22.4
E01000892,472,25.6
E01000903,372,25.9
E01000889,653,39.1
E01000890,640,39
E01000891,682,43.3
E01000901,992,50.2
E01000922,429,27.7
E01000927,403,23.2
E01000881,485,32.1
E01000882,289,19.1
E01000883,476,35.9
E01000897,328,20.5
E01000898,717,41.5
E01000866,597,29.4
E01000870,426,25.2
E01000924,348,21.3
E01000925,698,44.7
E01000926,729,40.7
E01000969,519,25.5
E01000970,269,18.6
E01000971,282,19.1
E01000972,865,43.1
E01000973,693,36.8
E01000842,275,19
E01000844,434,24.5
E01000848,337,21.2
E01000849,376,24
E01000900,501,27.8
E01000902,680,46.9
E01000904,715,33.7
E01000905,979,47.9
E01000906,345,22.5
E01000875,537,32.5
E01000876,728,41.6
E01000931,784,41
E01000932,556,30.3
E01000974,665,39
E01000843,483,28.8
E01000845,321,21.9
E01000846,620,41.3
E01000847,687,40.7
E01000864,405,26.4
E01000865,387,25.7
E01000867,655,40.7
E01000868,755,52.4
E01000869,581,27.5
E01000962,403,25.3
E01000964,400,25.4
E01000965,436,28.6
E01000966,244,16.1
E01000968,383,25.4
E01000960,689,38.8
E01000961,737,46.3
E01000963,928,48.3
E01000967,344,24.4
E01000857,278,19.2
E01000858,785,42.2
E01000859,208,13.1
E01000860,224,17.1
E01000862,308,18
E01000856,705,42.9
E01000861,480,30.5
E01000957,672,38.9
E01000958,1042,46
E01000959,742,44.4
E01000929,780,46.6
E01000930,795,41.6
E01000933,451,27
E01000934,784,48.4
E01000935,675,47.7
E01000863,347,23.4
E01000946,536,35.4
E01000947,709,36.3
E01000948,452,26
E01000952,844,48.8
E01000953,874,53.2
E01000954,925,55.9
E01000955,773,48.5
E01000956,901,58.8
E01000944,983,51.8
E01000945,968,53.2
E01000949,656,40.2
E01000950,863,60.3
E01000951,825,53.6
E01000936,939,51.1
E01000938,944,53.9
E01000939,814,66.6
E01000940,550,48.7
E01000853,658,40.3
E01000937,717,47.7
E01000941,646,52.5
E01000942,835,39.6
E01000943,383,36.3
E01000850,611,36.1
E01000851,908,38.1
E01000852,654,41.2
E01000854,1068,58.3
E01000915,769,50.4
E01000916,672,37.4
E01000917,914,48.4
E01000920,614,31.6
E01000855,502,28.5
E01000914,565,32.1
E01000918,782,37.4
E01000919,868,43.1
E01000001,227,15.5
E01000002,162,11.3
E01000003,291,21.6
E01000005,479,48.6
E01032739,231,22.1
E01032740,186,16.9
E01001808,377,20.5
E01001809,634,32.1
E01001814,593,35.7
E01001823,678,38.4
E01001825,298,18.6
E01001714,750,50.3
E01001811,855,56.9
E01001813,734,58.7
E01033701,1110,60
E01001799,390,24.7
E01001802,443,34.2
E01001804,418,27.4
E01001807,705,39
E01001812,539,30.9
E01001725,735,38.5
E01001726,797,58.7
E01001800,643,40.3
E01001824,654,43.1
E01001826,673,38.7
E01001723,791,40.7
E01001724,808,36.4
E01001727,715,37.2
E01001768,788,43.2
E01001769,738,46.3
E01001715,390,29.5
E01001716,571,43.3
E01001717,502,41.1
E01001718,441,24.7
E01001719,547,48
E01001720,425,24.5
E01001742,804,44.4
E01001801,466,28
E01001803,453,24.3
E01001806,560,36.2
E01001741,407,27.3
E01001805,371,30.8
E01001829,407,22.7
E01001831,621,37
E01001832,706,43.6
E01001764,860,50.9
E01001765,1182,68.8
E01001767,773,48.2
E01001770,1035,59.6
E01033703,671,47.6
E01033713,635,47.2
E01001792,970,54.5
E01001793,819,48.6
E01001794,880,46.1
E01001795,627,42.8
E01001796,825,50.1
E01001736,553,33.4
E01001737,561,30.5
E01001738,474,27
E01001739,516,24.7
E01001786,1335,73.2
E01001787,985,62
E01001788,1042,65.9
E01001790,1017,75.7
E01001740,925,59.1
E01001747,836,39.1
E01001830,931,48.9
E01001833,1006,46.9
E01001834,837,40.7
E01001835,454,36.3
E01001733,780,42.8
E01001785,722,48.6
E01001789,817,47
E01001791,965,62.9
E01001745,1254,55.8
E01001746,1099,66.4
E01001757,1316,76.6
E01001758,1273,61
E01001759,915,50.7
E01001761,866,48.7
E01001731,1217,52.9
E01001734,816,44.8
E01001760,885,50.5
E01001762,634,35.9
E01001846,696,57.2
E01001847,580,51.4
E01001848,744,45
E01001849,1238,52.4
E01001729,1344,66.5
E01001730,1217,63.4
E01001732,1119,65.2
E01001735,707,43.3
E01001838,1182,67.7
E01001850,1265,69.9
E01001748,921,39.9
E01001749,506,29.5
E01001763,718,43.7
E01001816,610,37.5
E01001819,504,32
E01001744,801,42.6
E01001750,740,40.3
E01001751,253,16.4
E01001756,543,25.2
E01033698,686,54.5
E01033699,523,43
E01033700,610,39
E01033707,600,46
E01001836,689,36.9
E01001840,916,54.7
E01001841,376,26.6
E01001844,710,35.4
E01001845,823,52.9
E01001837,352,23.7
E01001839,865,39.1
E01001842,909,57.2
E01001843,560,45
E01033704,510,31.3
E01033712,627,39.7
E01001772,669,64
E01001774,906,43.2
E01001775,1023,57.6
E01001815,997,56.2
E01001820,791,54.1
E01001821,792,54.2
E01001752,921,39.9
E01001753,1038,63.7
E01001754,1018,42.8
E01001755,936,52.3
E01001773,1065,51.9
E01001776,769,53.4
E01001779,1226,50.3
E01001781,775,46.5
E01001782,807,35.1
E01001783,1139,60
E01001777,1065,45.2
E01001780,877,48.1
E01001784,1087,47.8
E01033706,443,28.8
E01033708,395,24.7
E01033709,740,44.3
E01033711,401,36.3
E01001798,1176,65.9
E01001828,1300,63.2
E01033702,619,51.9
E01033705,919,64.9
E01033710,564,48.7
E01001722,1101,54.3
E01001728,851,42.2
E01001822,1035,58
E01001827,919,48
E01001874,868,42.2
E01001875,876,47.2
E01001876,1323,59.3
E01001877,739,54.9
E01001878,782,46.3
E01001955,935,51.7
E01001957,1048,64.9
E01001958,1143,68.4
E01001961,1041,66.6
E01001954,588,38.6
E01001956,538,33.8
E01001959,860,49.8
E01001960,619,32.8
E01001943,764,39.1
E01001944,1035,61.3
E01001945,550,31.4
E01001946,580,35.5
E01001862,747,42.3
E01001940,691,43.2
E01001941,579,34.5
E01001942,682,36.5
E01001858,639,35.6
E01001860,815,46.1
E01001861,653,43.6
E01001863,389,25.4
E01001864,466,29.5
E01001852,476,26.6
E01001853,325,21.2
E01001854,504,29.1
E01001857,697,47.2
E01001859,1058,41.6
E01001865,473,28.1
E01001927,242,16.1
E01001930,536,28.9
E01001895,486,30.5
E01001896,573,37
E01001897,322,22
E01001929,179,14.2
E01001851,267,16.4
E01001855,353,21
E01001856,597,35.6
E01001869,232,17.4
E01001873,445,30.7
E01001928,496,28.8
E01001931,601,40.1
E01001932,465,28.7
E01001933,361,27.3
E01001866,547,34.6
E01001867,597,43.8
E01001868,609,45.4
E01001870,736,38.1
E01001871,633,39.5
E01001872,536,33.2
E01001893,503,40.4
E01001894,460,34.8
E01001898,513,32.2
E01001899,542,39.3
E01001900,640,35.9
E01001889,325,23.4
E01001910,450,29.8
E01001913,238,15.4
E01001914,563,32.8
E01001885,738,56
E01001908,489,29.9
E01001909,510,28
E01001911,871,49.5
E01001912,842,52.7
E01001886,521,33.1
E01001887,480,31.6
E01001890,764,42.1
E01001892,475,34.8
E01001880,379,25.3
E01001881,312,19.3
E01001882,395,22.4
E01001883,442,29.8
E01001884,622,33.7
E01001888,319,19.8
E01001891,566,27.9
E01001917,233,15.9
E01001918,291,19.2
E01001919,279,17.1
E01001879,404,27.4
E01001901,266,16.4
E01001902,344,20.2
E01001903,554,33.6
E01001920,412,27.2
E01001921,255,16.6
E01001922,260,16.2
E01001923,338,22.9
E01001924,214,13.4
E01001947,711,49.1
E01001948,414,20.6
E01001949,167,10.8
E01001950,207,13
E01001951,326,20.3
E01001953,392,28.7
E01001904,247,15.6
E01001905,259,15.2
E01001906,254,17.7
E01001907,196,15
E01001935,444,21.6
E01001939,770,33.2
E01032788,339,30.7
E01032789,508,44.1
E01032790,470,42
E01001915,188,12.7
E01001916,130,9.4
E01001926,183,12.6
E01001952,328,20.2
E01001925,259,15.9
E01001934,527,32.5
E01001937,308,16.9
E01001938,539,34.6
E01001969,689,36.5
E01001971,1018,50.6
E01001974,758,34.5
E01001975,565,32.9
E01002036,992,61.3
E01002037,1131,61.7
E01002039,972,60.4
E01002040,1299,63
E01001962,497,28.3
E01001970,1006,50.8
E01001972,639,38.2
E01001973,789,35
E01002090,777,48.5
E01002093,861,48
E01002096,812,49.4
E01002097,922,54.5
E01002091,908,50.4
E01002092,1015,59.8
E01002094,858,55.2
E01002095,896,54.5
E01002098,424,31.4
E01002101,726,37.9
E01002102,747,39.7
E01002105,810,39.5
E01002099,1094,51.9
E01002100,971,50.9
E01002103,818,43.9
E01002104,676,47.1
E01001963,324,17.8
E01001964,383,24.1
E01001965,285,17.5
E01001966,257,17
E01002027,653,42.5
E01002028,752,42.6
E01002032,816,45
E01002033,901,47.2
E01001976,926,56.9
E01001977,864,54.7
E01001978,1168,61.3
E01001979,1314,59.8
E01002074,1330,62.7
E01002077,1104,53.1
E01002079,876,53.3
E01002081,1046,59.1
E01002082,1005,66.6
E01002086,813,49.4
E01002088,713,38.5
E01002089,1021,67.2
E01001967,286,17.3
E01001968,382,20.8
E01001996,248,15.3
E01001997,265,16.8
E01002075,1016,57.2
E01002076,1114,59
E01002078,1222,55.7
E01002080,943,59.2
E01002026,894,55.2
E01002029,824,47.8
E01002030,698,42.6
E01002031,756,39.2
E01001991,315,18.6
E01001992,252,14.7
E01001993,195,11.6
E01001995,794,32.9
E01001980,1115,56.1
E01001981,1014,57.6
E01001982,924,52.1
E01001983,772,46.7
E01002083,589,40.9
E01002084,621,38.3
E01002085,950,43.8
E01002087,676,41.9
E01002014,471,27.4
E01002015,513,34.7
E01002018,381,26.8
E01033085,646,36.3
E01033086,526,48.2
E01002020,356,22.8
E01002022,272,14.2
E01002023,219,14.9
E01002025,272,15.8
E01002013,240,17.1
E01002019,169,12.9
E01002021,213,14.4
E01002024,250,18.9
E01001998,651,31.6
E01001999,685,34.2
E01002003,911,42.2
E01002004,677,35.8
E01002067,850,50.2
E01002069,957,49.4
E01002070,976,47.9
E01002073,886,50.3
E01002066,1150,62.4
E01002068,892,49
E01002071,991,61.4
E01002072,995,53.3
E01002043,933,46.2
E01002045,1190,54.1
E01002046,920,53.3
E01002049,1023,54.4
E01002042,577,39.5
E01002044,599,34.6
E01002047,574,34.4
E01002048,869,44.5
E01002016,594,30.3
E01002017,548,30.3
E01002059,453,27.1
E01002060,325,18.5
E01002050,600,31.7
E01002051,806,47.9
E01002052,644,31.9
E01002055,461,27.8
E01001994,435,24.4
E01002008,275,17.5
E01002010,381,23
E01002011,395,23
E01002000,519,30.6
E01002001,507,30.5
E01002002,626,34.7
E01002058,650,38.5
E01002053,941,53.9
E01002054,930,53.7
E01002056,858,43.7
E01002057,683,43.2
E01001984,340,21.4
E01001985,213,12.6
E01001987,288,15.6
E01001989,344,19.9
E01001986,305,18.7
E01001988,315,17.8
E01001990,428,20
E01002062,488,26
E01002005,324,19.2
E01002006,299,18.7
E01002007,269,16.1
E01002009,251,14.6
E01002061,334,19.8
E01002063,450,28.4
E01002064,569,37.6
E01002065,422,25.3
E01002034,1194,64.2
E01002038,880,53.2
E01002041,1125,59.7
E01032575,1194,62.6
E01002755,481,36.3
E01002756,371,27.9
E01002758,716,45.4
E01002804,742,44.5
E01002807,673,38.8
E01002811,638,41.3
E01002753,535,37.4
E01002754,313,20.8
E01002757,481,33.6
E01002759,391,23.7
E01002760,691,44.8
E01002772,593,32.1
E01002735,668,40.6
E01002805,466,29.7
E01002806,446,28
E01002808,547,28.7
E01002809,602,36.7
E01002810,651,39.4
E01002768,410,25.6
E01002770,471,30.6
E01002771,477,32.2
E01002773,551,39.8
E01002774,644,30.5
E01002732,931,50.5
E01002734,959,56.7
E01002736,817,51.7
E01002737,982,50.2
E01002751,911,50.7
E01002742,283,18.1
E01002747,401,24.5
E01002748,675,46
E01002749,485,36.9
E01033493,226,17.4
E01033494,339,22.6
E01002730,582,32.7
E01002731,843,34.2
E01002733,380,27.3
E01002763,446,31
E01002769,530,25.8
E01002785,463,23.5
E01002788,384,20.7
E01002789,287,15.3
E01002738,424,23.8
E01002741,533,35.2
E01002743,539,32.2
E01002744,307,21.3
E01002752,536,35.2
E01002764,550,30.9
E01002783,435,29.3
E01002784,649,36.2
E01002786,674,37.3
E01002787,593,36.6
E01002762,475,24.4
E01002767,705,34.5
E01033486,395,38.1
E01033487,484,39.5
E01033488,487,40.4
E01033491,548,32.6
E01033492,412,30.6
E01002777,373,22.9
E01002778,928,51.9
E01002779,482,25.5
E01002781,525,38.9
E01002782,789,51.5
E01002739,337,18.4
E01002740,310,17
E01002745,296,20.2
E01002795,686,34.4
E01002796,226,21.8
E01002716,849,36.9
E01002718,291,17.5
E01002721,353,21.2
E01002775,328,23
E01002776,525,31.6
E01002780,508,31
E01002708,675,34.1
E01002712,628,35.3
E01002713,481,30.9
E01002765,1087,43.3
E01002766,782,43.6
E01002717,323,24.6
E01002719,266,17.9
E01002720,981,42
E01002790,430,30
E01002791,255,16.5
E01002793,514,27
E01002698,480,23.3
E01002699,240,15.9
E01002700,180,12.2
E01002714,293,17.3
E01002792,421,22.5
E01002722,342,26.2
E01002797,604,32.2
E01002798,349,17.8
E01002799,579,31.5
E01002800,415,39.6
E01002694,682,44.5
E01002697,1097,52.3
E01002709,655,37.3
E01002710,699,41.7
E01002715,676,44.7
E01002696,310,17.1
E01002794,392,22.2
E01002801,286,18.4
E01002802,253,17.1
E01002803,535,25.9
E01002695,532,31.1
E01002711,711,36.7
E01002727,372,22.9
E01002728,690,42.2
E01002729,328,20.6
E01002707,507,29.4
E01002723,492,32.2
E01002724,486,24.6
E01002725,506,35
E01002726,492,29.1
E01033489,507,27.7
E01033490,683,40.3
E01002701,538,34
E01002702,809,41.3
E01002703,626,38.3
E01002704,763,34.7
E01002706,624,31
E01002852,1117,58.5
E01002853,578,52.9
E01002854,585,52.2
E01002855,963,55.7
E01002857,801,59.4
E01002904,640,54.6
E01002905,675,43
E01002906,605,36
E01002907,659,47.9
E01002876,367,21.2
E01002877,849,49.6
E01002878,529,32.5
E01002908,373,26.8
E01002909,565,26.2
E01002829,513,35
E01002830,692,39
E01002831,729,36.9
E01002832,639,37.6
E01002856,609,35
E01002870,562,40.5
E01002872,469,32.4
E01002879,809,52.9
E01002880,957,62.1
E01002881,559,40
E01002882,245,18.4
E01002883,390,21.2
E01002884,387,27.6
E01002885,376,24.4
E01002886,292,18.9
E01002833,279,19.1
E01002871,274,16.3
E01002873,287,21.6
E01002874,363,25.2
E01002875,269,19.4
E01002824,301,19.8
E01002825,542,27.9
E01002826,332,21.4
E01002827,324,17.7
E01002828,249,18.7
E01002864,488,32.5
E01002866,585,33.5
E01002867,853,43.1
E01002868,349,21.1
E01002869,459,30.5
E01002887,381,27.2
E01002889,342,26.7
E01002890,376,20.8
E01002891,418,28.9
E01002892,584,31.9
E01002813,365,20.7
E01002815,507,35.6
E01002816,328,24.2
E01002817,385,24.2
E01002865,389,28.1
E01002818,577,28.8
E01002819,336,21.2
E01002859,283,17.4
E01002860,209,13.9
E01002863,284,19.7
E01002812,685,35.7
E01002834,390,27.3
E01002839,560,35.7
E01002850,607,41.8
E01002888,728,35
E01002821,348,24.4
E01002823,387,28.3
E01002858,504,40.2
E01002861,254,17.8
E01002862,529,34.3
E01002814,996,50.9
E01002847,451,28.2
E01002848,557,35.4
E01002851,736,44.8
E01002820,312,24.9
E01002822,193,16
E01002835,382,24.6
E01002836,310,22.3
E01002837,204,15
E01002846,450,34.2
E01002849,424,27.8
E01002893,405,22.8
E01002894,328,23.4
E01002898,293,18.2
E01002899,279,20.6
E01002900,199,13.9
E01002901,142,11.4
E01002902,322,18.9
E01002903,173,11.4
E01002844,245,17.9
E01002845,307,22.6
E01002910,257,18.5
E01002911,230,13.9
E01002914,217,13.9
E01002838,370,22.7
E01002895,145,10.4
E01002896,301,17.2
E01002897,268,20.4
E01002912,320,18.9
E01002840,486,35.1
E01002841,353,25.8
E01002842,679,54.2
E01002843,522,42.4
E01002913,532,28.1
E01003015,815,51.1
E01003108,777,50
E01003110,535,28.6
E01003111,933,61
E01003112,746,49.7
E01003101,655,41.8
E01003105,861,51.5
E01003106,702,35.8
E01003107,578,30.2
E01003109,1053,46.7
E01003102,540,31.1
E01003104,568,35.3
E01003122,733,40.4
E01003129,668,36.3
E01033207,650,38.1
E01033208,732,42.5
E01003098,586,37.6
E01003099,663,41.7
E01003100,438,22.6
E01003180,728,48.3
E01003183,796,53.1
E01003097,744,44.5
E01003121,985,60.7
E01003123,360,24.2
E01003124,565,39.1
E01003125,1074,61
E01003181,714,48.5
E01003184,984,69.6
E01003185,668,40.4
E01003186,699,35.9
E01003187,1049,70.5
E01003089,1085,57.9
E01003091,758,45.5
E01003092,906,50.7
E01003126,735,48
E01003128,773,51.5
E01003046,1192,68.5
E01003048,1273,72.2
E01003075,1095,67.1
E01003182,930,51
E01003188,882,65.8
E01003088,828,45.6
E01003093,1489,62.8
E01003094,595,38.7
E01003096,587,28.3
E01003127,655,36.9
E01003045,1463,74.2
E01003047,875,53.8
E01003049,1051,62
E01003059,952,58.3
E01003060,986,63.3
E01003061,592,47.5
E01003034,528,30.2
E01003035,404,25.9
E01003036,510,31.7
E01003090,709,31.1
E01003095,508,27.6
E01003037,611,44.1
E01003038,248,16.5
E01003039,383,18.8
E01003040,332,25.8
E01003042,290,27.8
E01003072,396,21.4
E01003073,842,49.6
E01003076,844,44.1
E01003077,790,44.1
E01003078,419,26.5
E01003019,656,31.4
E01003053,483,28
E01003054,369,20.1
E01003056,683,35.3
E01003058,632,32.7
E01003020,722,40.7
E01003050,657,39.8
E01003052,1297,71.2
E01003055,550,36.9
E01003176,1096,57.5
E01003029,446,24.7
E01003032,685,39.2
E01003041,731,45.3
E01003057,826,49.2
E01003043,668,40.9
E01003044,945,76.3
E01003051,1008,61.4
E01003071,703,30.9
E01003074,889,37.6
E01003026,247,16.6
E01003027,160,11.7
E01003028,321,21.9
E01003030,299,16.7
E01003033,372,24.5
E01003018,582,28
E01003171,744,42.6
E01003173,622,38.6
E01003177,726,44.1
E01003178,519,32.3
E01003021,851,44.7
E01003022,632,36.2
E01003023,931,39.1
E01003024,1146,63.7
E01003025,1049,50.7
E01003136,634,40.1
E01003137,813,55.1
E01003159,731,49.6
E01003160,953,65.2
E01003162,1393,65.5
E01003031,591,35.6
E01003156,420,27
E01003157,419,27
E01003158,196,12.3
E01003161,419,33.5
E01003163,544,35.9
E01003132,825,54.2
E01003172,1076,55.2
E01003174,1403,68.6
E01003175,1011,62.8
E01003179,1106,66.9
E01003164,929,43.8
E01003165,596,37
E01003168,681,43
E01003169,1021,41.6
E01003170,419,22.5
E01003130,632,36.3
E01003131,398,27.5
E01003135,657,39
E01003138,280,18.2
E01003151,1171,59.7
E01003079,939,52.3
E01003080,614,38.3
E01003133,577,33.6
E01003134,587,37.7
E01003152,808,41.5
E01003064,446,29
E01003066,844,50
E01003081,878,49.2
E01003166,911,39.8
E01003167,397,23
E01003116,646,40.4
E01003117,723,37.5
E01003118,582,33.5
E01003153,653,31.6
E01003155,687,38.3
E01003083,616,40.8
E01003084,612,38
E01003085,671,38.7
E01003149,709,39.6
E01003154,915,49.8
E01003065,846,57.5
E01003068,762,47.9
E01003082,748,51.5
E01003086,974,60.5
E01003087,996,59.9
E01003113,831,41.8
E01003114,707,38.9
E01003119,634,33.6
E01003120,800,40.3
E01003148,689,38.4
E01003150,798,46.5
E01003062,560,33.6
E01003063,744,52
E01003067,511,34.7
E01003069,564,41.4
E01003070,878,58.8
E01003115,744,46
E01003141,918,53.5
E01003144,575,36.6
E01003145,717,42.2
E01003147,929,46.7
E01003139,863,55.2
E01003140,929,62.4
E01003142,822,60.5
E01003143,923,64.4
E01003146,852,56.2
E01003013,796,48.6
E01003014,474,30.9
E01003016,665,49.2
E01003017,528,31.7
E01032582,789,41.7
E01003244,1164,71.5
E01003245,985,63.2
E01003247,668,39.9
E01003249,984,51
E01003250,1002,57.1
E01003246,918,63.8
E01003248,989,61
E01003251,1404,70.1
E01003252,1195,76.8
E01003253,809,56.3
E01003297,927,60.3
E01003299,840,51.8
E01003301,1210,55.9
E01003302,1016,67.3
E01003305,713,52
E01003207,803,57.4
E01003209,1082,53.9
E01003210,633,36.3
E01003212,860,43.5
E01003215,898,46.1
E01003338,1204,67.5
E01003339,857,48.7
E01003340,583,30.6
E01003341,461,30.6
E01003343,542,40
E01003199,400,23.1
E01003201,633,38
E01003204,472,33.9
E01003205,854,64.1
E01003206,416,26.3
E01003211,529,33.8
E01003213,664,34.3
E01003214,851,48
E01033324,637,39.9
E01033325,436,36.2
E01003198,344,23.5
E01003200,234,15.1
E01003202,239,15.3
E01003203,650,36.7
E01003336,943,68.4
E01003337,1158,70.8
E01003342,755,46
E01003344,805,46.5
E01003345,804,46.9
E01003273,1105,55.3
E01003277,668,39
E01003278,966,51.2
E01003279,566,35.5
E01003288,950,52.5
E01003290,908,52.5
E01003291,891,58.9
E01003296,1050,51.3
E01033327,717,47
E01033341,768,58.9
E01003282,1010,41.8
E01003283,381,18.1
E01003284,624,35.5
E01003286,646,39.6
E01003272,718,36.5
E01003274,756,43.9
E01003275,932,54
E01003276,873,45.9
E01003225,539,35.8
E01003231,759,47.3
E01003232,718,41.8
E01003233,720,42.3
E01003280,782,48.7
E01003281,501,32.7
E01003285,515,32
E01003287,449,23.5
E01003292,725,46.3
E01003293,809,53.3
E01003295,835,49.9
E01033320,764,51.1
E01033322,579,45.7
E01003319,1160,63.4
E01003320,922,61.7
E01003323,866,58.3
E01003325,1085,62.8
E01003226,589,33.8
E01003227,523,31.5
E01003228,425,28.1
E01003229,708,45.4
E01003230,930,48.1
E01003317,1001,53.2
E01003318,974,59.5
E01003321,1079,55
E01003322,790,55.3
E01003324,936,63.8
E01003254,355,24.7
E01003255,640,33.9
E01003260,733,40.2
E01003261,506,33.8
E01003262,503,36.8
E01003217,999,59.8
E01003218,795,53.1
E01003220,819,52.7
E01003222,925,56.7
E01003224,930,56
E01003263,643,38.4
E01003268,639,38.3
E01003269,571,36.7
E01003270,608,37.1
E01003271,499,29.9
E01003307,648,42.6
E01003308,812,44.5
E01003314,642,40.2
E01003315,534,41.5
E01003316,540,36.4
E01003216,1045,55.7
E01003219,968,58.8
E01003221,1127,57.4
E01003223,937,54.6
E01003346,737,48
E01003349,579,41
E01003351,627,42.9
E01003354,979,58.4
E01003309,720,47.7
E01003310,689,44.2
E01003311,594,38.4
E01003312,669,38
E01003313,786,51.4
E01003256,870,42.3
E01003257,624,37.2
E01003258,905,60.4
E01003259,542,33.6
E01003193,678,43.2
E01003194,881,52.5
E01003195,850,54.9
E01003196,817,48.8
E01003197,823,50.6
E01003347,1080,62.2
E01003348,693,47.5
E01003350,743,52.6
E01003352,930,51.2
E01003353,826,47.5
E01003264,586,36.4
E01003265,687,44.9
E01003266,708,40.8
E01003267,549,35
E01003329,601,37.8
E01003330,718,46.3
E01003331,627,44.4
E01003332,634,43.2
E01003334,717,43.2
E01003189,793,47.5
E01003190,1166,62.1
E01003191,751,50.3
E01003192,822,50.2
E01003326,590,40
E01003327,673,37.5
E01003328,644,37.5
E01003333,639,41.4
E01003335,675,48.4
E01003236,640,40.3
E01003237,557,37.9
E01003238,569,40.4
E01003239,669,46.8
E01032564,527,40.2
E01003235,471,36.8
E01003240,709,39.6
E01003241,772,50.1
E01003243,604,44.5
E01032565,550,39.5
E01003298,921,71.3
E01003300,930,68.6
E01003303,955,61.6
E01003304,1094,57.9
E01032579,808,55.3
E01003543,1523,61.5
E01003544,1275,65.8
E01003546,1551,79.9
E01003550,1246,70
E01003576,1585,81.1
E01003581,1593,86.2
E01003582,1293,80.2
E01003583,1573,80
E01003578,1549,79.7
E01003584,1480,71.4
E01003586,1454,83
E01003590,1118,70.5
E01003579,1606,86.8
E01003585,1494,90.6
E01003587,1951,80.1
E01003591,1784,82.4
E01003528,1217,87.8
E01003575,1440,84.6
E01003577,1532,79.8
E01003580,1472,80.2
E01003545,1157,67
E01003548,1347,57.2
E01003549,1284,61
E01003557,1486,73.2
E01003547,1032,53.2
E01003555,1460,79.3
E01003561,1726,91.8
E01003567,1616,88.7
E01003556,1383,72.3
E01003558,1316,80.7
E01003570,1788,86.6
E01003571,2106,92.5
E01003572,1578,88.7
E01003551,1243,67.8
E01003553,1243,64.5
E01003554,1027,55.2
E01003559,1404,53.9
E01003529,2237,94
E01003530,1688,92.4
E01003531,1789,89.6
E01003532,1842,92
E01003534,2150,89.8
E01003533,1662,88.4
E01003560,1673,90.8
E01003563,1760,86.4
E01003588,1646,92.2
E01003589,1558,83.3
E01003616,1022,61.9
E01003617,1644,59.4
E01003618,1152,52.5
E01003619,1368,60.4
E01003615,1134,61.8
E01033578,761,59.8
E01033579,760,58.8
E01033583,1849,60
E01033586,837,59.4
E01003562,2001,91
E01003564,2205,89.6
E01003565,1693,91.4
E01003566,1605,89.6
E01003625,1382,81.4
E01003626,1389,87.4
E01003627,1393,86.9
E01003628,1403,84.3
E01003629,1461,87.4
E01003552,1275,74.2
E01003596,1280,72
E01003597,1329,81.1
E01003635,1097,56.4
E01003568,2077,90.2
E01003569,1750,92.2
E01003573,1963,91.1
E01003574,2237,84.8
E01003520,1739,86.9
E01003521,1857,82.2
E01003522,1649,86.4
E01003525,1724,87.2
E01003526,1597,82.9
E01003488,1507,80.4
E01003489,1488,82.3
E01003490,1575,84.8
E01003524,1718,84.7
E01003631,1149,62.7
E01003632,1474,65
E01003633,1379,73.7
E01003634,1242,68.8
E01003636,1320,66.7
E01003598,1436,75.7
E01003600,1318,69.6
E01003630,1392,69.2
E01003637,1137,61.8
E01003491,1742,88.1
E01003592,1377,74.8
E01003599,1247,77.4
E01003606,1578,73.3
E01003535,1125,66.5
E01003536,1271,69
E01003621,1385,83.1
E01003622,1309,81.2
E01003623,1358,77.3
E01003523,1567,76.7
E01003527,1185,66.8
E01003537,1352,65.6
E01003542,1397,70.8
E01003624,1129,71.4
E01003492,1629,81
E01003493,1783,77.6
E01003494,1447,70.7
E01003495,1313,62.2
E01003594,1239,71.7
E01003595,1044,68.1
E01003602,1350,68
E01003607,1098,66.6
E01003496,978,67.7
E01003498,1006,57.8
E01003500,1124,55
E01003593,1083,69.9
E01003601,1346,63.2
E01003603,1274,65.4
E01003605,1605,76
E01003608,1263,61
E01003538,1498,71.9
E01003539,1537,69.3
E01003540,1151,62.8
E01003541,1221,65.3
E01003499,1382,60.6
E01003501,1251,61.3
E01003502,1129,61.5
E01003503,1112,65
E01003507,1185,56.1
E01003508,936,58.3
E01003509,810,41.5
E01003604,1521,64.5
E01003483,962,64.7
E01003484,847,52.3
E01003516,1098,59.1
E01003518,813,51
E01003519,965,61.1
E01003480,1087,50
E01003482,1534,58.2
E01003486,799,66.3
E01003487,848,61.9
E01003497,785,45.8
E01003506,822,55.5
E01033574,637,58.2
E01033575,571,55.9
E01033576,687,53.1
E01033584,864,54.2
E01033585,1359,55.6
E01003479,618,41.1
E01003481,715,45.4
E01003485,790,50.2
E01003513,778,49
E01003511,848,60.8
E01003512,886,49.1
E01003514,688,45.5
E01003515,1021,56.8
E01003517,928,55.4
E01003609,1473,54.5
E01003611,1255,69.6
E01033577,725,48.7
E01033580,714,46.9
E01033581,947,53.1
E01033582,662,47.9
E01004029,714,38.9
E01004032,651,38.4
E01004053,505,27.5
E01004054,452,27.3
E01004055,352,27.3
E01003927,687,28.9
E01003929,635,30.1
E01003934,491,34.5
E01003935,612,45.6
E01003939,842,45.5
E01003976,789,40.4
E01004027,815,39.3
E01032637,292,23.4
E01032638,173,14.9
E01032640,265,21.2
E01032646,476,30.3
E01032803,416,31.3
E01032834,216,19.1
E01003975,785,48.2
E01003978,702,38.2
E01004022,864,34.8
E01004023,513,33.3
E01004028,670,40.6
E01003938,933,51.4
E01003940,896,60.4
E01003941,700,36.9
E01003942,940,57.4
E01003979,728,40.8
E01003981,742,44.3
E01004030,434,29.8
E01004031,886,43
E01004033,654,43.1
E01004034,572,37.1
E01004036,1020,50.6
E01004056,595,28.8
E01004057,469,31.3
E01004058,438,25.8
E01004059,527,35.4
E01004060,814,42.8
E01003936,590,32
E01003937,694,44.7
E01003943,901,65.9
E01032720,1085,62.6
E01003977,606,36.2
E01004037,844,43.2
E01004038,1143,48.8
E01004042,508,29.7
E01004043,278,20.4
E01003986,571,46.2
E01003987,733,41.2
E01004024,684,36.8
E01004035,690,42.5
E01003960,750,40.3
E01003961,1128,55.2
E01003994,707,47.4
E01032722,922,43.2
E01003980,758,39.8
E01004039,754,48.1
E01004040,1143,64.2
E01004041,814,49
E01004044,687,49
E01003992,845,56.6
E01003995,606,43.8
E01003998,391,29.4
E01003999,657,45.6
E01032639,650,39.6
E01032719,639,52.8
E01003964,1046,54.3
E01003966,1090,56.2
E01003968,1074,74.5
E01003971,1298,71.8
E01003974,845,66.6
E01003963,1055,64
E01003967,1134,67.8
E01003970,932,62.7
E01003972,923,55.8
E01003973,788,47.8
E01003923,835,48.1
E01003969,793,42.7
E01003991,584,48.3
E01003993,1168,68.2
E01003997,571,46.8
E01003983,1460,72.2
E01003988,1410,64.3
E01003989,1388,70.8
E01003990,1488,69.8
E01004007,962,76.3
E01003912,1236,77.5
E01004011,1710,81
E01004012,1675,66.9
E01004013,1224,73.9
E01004014,1293,72.5
E01003911,1248,62.9
E01003916,1141,52.1
E01003917,853,48.1
E01003918,1058,66
E01003925,778,58.2
E01003919,896,50.5
E01003920,1276,68.8
E01003921,852,58.3
E01003922,1167,60.9
E01003924,1412,73.2
E01003926,915,64.3
E01004008,1561,72.9
E01004010,1042,68.3
E01004067,1516,70
E01032805,1558,61.1
E01003984,1133,56.7
E01004003,1103,64.8
E01004004,1332,53.3
E01004005,1499,67.4
E01004006,1021,51.9
E01003913,640,34.7
E01003914,715,38.8
E01003915,1184,61
E01004050,375,25.4
E01004052,550,31.1
E01004061,635,36.3
E01004062,1022,51.5
E01004063,776,39.6
E01004065,505,33.1
E01004066,1138,52.7
E01004000,1046,55.6
E01004001,998,57.4
E01004019,1229,53
E01004064,1077,54.5
E01004068,1228,60
E01004045,1093,72
E01004047,1023,64.1
E01004048,622,39.2
E01004049,986,59
E01004051,346,25
E01003953,641,30.8
E01003955,575,31.6
E01004015,435,27.9
E01004021,517,24.5
E01004046,573,35.1
E01004002,562,34.9
E01004016,829,35.3
E01004017,374,24.2
E01004020,1030,59.5
E01003952,429,26.2
E01003954,458,28.7
E01003956,451,26.8
E01004071,464,29.4
E01004072,331,19
E01004069,285,19.8
E01004070,426,21.5
E01004073,361,18.7
E01004074,375,19.9
E01004075,255,13.8
E01003949,508,27.2
E01003950,918,48.2
E01003957,456,25.5
E01003958,460,26.9
E01004018,431,22.6
E01003945,511,30.7
E01003946,643,36.4
E01003947,870,57.4
E01003948,451,28.8
E01003951,428,28.1
E01003930,595,39.8
E01003932,843,53.6
E01003933,751,42.9
E01032583,533,33.6
E01032584,591,46.1
E01004222,1133,45.7
E01004223,840,40.4
E01004224,894,44.7
E01004226,851,49
E01004197,1153,49.5
E01004198,856,56
E01004199,1093,66.8
E01004201,639,41.1
E01004228,432,23.3
E01004230,886,42.2
E01004232,513,30.8
E01004233,939,51.6
E01004234,565,25.5
E01004225,533,24.5
E01004229,794,53.5
E01004231,1142,63.7
E01032764,459,35.3
E01032765,622,41.8
E01032784,560,36.9
E01004200,583,37.2
E01004202,822,48.2
E01004203,745,41.9
E01004204,872,55.1
E01004311,727,47.9
E01004314,250,22.7
E01004315,698,42.9
E01004318,818,56.1
E01004259,673,39.1
E01004260,1031,57.6
E01004263,716,50.5
E01004266,558,36.1
E01004235,1064,77.6
E01004236,1324,78.9
E01004237,681,58.8
E01004238,1995,73
E01004239,1120,67.9
E01004312,1013,62.8
E01004313,1098,53.7
E01004316,601,52.8
E01004317,1118,41.3
E01004261,1495,59.2
E01004262,956,54.9
E01004264,1243,80.9
E01032785,542,40.2
E01032786,772,49.5
E01004207,841,59.4
E01004209,1008,73.8
E01004212,997,56
E01032787,1880,73.2
E01004240,1215,66.9
E01004241,1117,68.9
E01004242,1679,68.4
E01004267,913,51.7
E01004268,1235,69.2
E01004205,1683,79.9
E01004206,1091,73.1
E01004208,1020,51.6
E01004211,592,40.5
E01004269,1195,60.5
E01004270,1036,46.3
E01004271,1170,73.6
E01004272,1710,81.5
E01004273,1552,81.5
E01004306,979,54.4
E01004307,705,32.3
E01004308,919,62.2
E01004309,1827,64.1
E01004310,1200,60.9
E01004283,1432,61.8
E01004287,1432,66
E01004289,1117,60.6
E01004290,548,42.1
E01004322,789,61.1
E01004323,881,60.1
E01004324,1158,73.6
E01004326,842,58.3
E01004245,1201,78
E01004246,1003,50.7
E01004248,953,70.9
E01004249,1350,65.9
E01004284,1540,66.9
E01004285,1861,80.3
E01004286,1525,64.5
E01004288,1133,69.9
E01004243,1173,65.6
E01004244,1161,61.6
E01004247,1182,61.1
E01004250,1435,61.3
E01004319,1492,79.1
E01004321,1331,73.1
E01004325,1209,48.6
E01032766,701,53.6
E01032767,540,34.1
E01004298,1153,70.4
E01004300,898,66.6
E01004304,1489,76.1
E01004305,1266,64.9
E01004251,1329,63.8
E01004254,719,33.9
E01004255,1097,67.8
E01004258,557,37
E01004252,1656,61.2
E01004253,1379,58.9
E01004256,1093,63.2
E01004257,1258,66.8
E01004301,989,74.7
E01004302,1627,81.9
E01004303,1302,55.1
E01032768,436,33.4
E01032769,578,46.8
E01004292,488,28.1
E01004294,708,40.3
E01004295,1196,78.9
E01004296,883,55
E01004291,447,24.2
E01004293,505,23.8
E01004297,438,24
E01004215,1460,53
E01004219,1653,72.1
E01004221,794,42.2
E01032776,563,52.3
E01032777,684,59.9
E01032778,647,58.4
E01032779,551,50.6
E01032780,590,44.3
E01004214,954,57.2
E01004216,651,40.2
E01004217,656,37.6
E01004218,615,35.1
E01004274,1277,64.7
E01004275,597,31.8
E01004276,603,29.8
E01004281,731,41.3
E01032775,456,41.2
E01032783,660,47.7
E01004280,1023,54.4
E01032770,657,55.2
E01032772,589,51.9
E01032773,887,56.8
E01032774,684,52.7
E01004277,635,39
E01032771,639,57.9
E01032781,623,40.6
E01032782,935,57.9
E01004560,420,21.5
E01004566,212,13.5
E01004582,510,23.8
E01004583,401,22.2
E01004562,891,50.5
E01004563,962,49.1
E01004564,406,23
E01004567,1335,57
E01033098,336,33.2
E01033100,494,39.7
E01033132,436,41.9
E01004539,1157,55.1
E01004540,628,30.1
E01004577,369,18.9
E01004584,956,55.9
E01004579,345,21.4
E01004580,583,27.9
E01004581,417,22.9
E01033099,399,38.8
E01033101,317,26.6
E01033133,370,31
E01004565,342,20.4
E01004590,462,26.4
E01004591,510,29.4
E01004592,356,21.9
E01004604,105,6.2
E01004605,265,15.3
E01004606,137,8.4
E01004607,163,9.4
E01004608,266,15.8
E01004535,1186,67.5
E01004537,966,51.4
E01004538,897,44.8
E01004541,883,53.9
E01004534,285,15.4
E01004536,833,40.6
E01004552,282,14.2
E01004585,310,16.8
E01004588,299,15.3
E01004554,207,12.9
E01004556,167,10.4
E01004586,265,14.6
E01004587,269,15.4
E01004589,184,10.8
E01004509,497,22.7
E01004511,239,13.9
E01004602,225,13.7
E01004609,332,15.5
E01033093,223,14.6
E01033135,111,10.4
E01004506,361,18.8
E01004638,163,11.2
E01004639,299,17.3
E01004640,246,13.9
E01004641,391,20.5
E01004508,381,18.9
E01004510,418,21.5
E01004514,244,14.5
E01004515,549,32.4
E01004551,525,29.8
E01004568,577,34.7
E01004574,861,47.5
E01004575,561,31
E01004576,459,29.3
E01004500,308,19
E01004501,354,22.4
E01004503,330,19.7
E01004505,352,21.8
E01004507,375,20.4
E01004553,241,14.7
E01004557,211,13.7
E01004558,229,13.4
E01004559,165,11.8
E01004619,148,10.3
E01004572,471,28.3
E01004642,406,21.9
E01004643,723,35.9
E01004644,386,19.9
E01004645,755,36.3
E01004477,133,8
E01004478,236,15.5
E01004479,179,11.6
E01004550,351,22.9
E01004555,192,11.4
E01004494,466,28
E01004513,649,34.8
E01004600,1137,55.1
E01004601,675,30.1
E01004493,384,21.8
E01004512,247,16.5
E01004620,317,19.2
E01004621,282,16.7
E01004623,270,15.6
E01004627,231,14.3
E01004499,332,20.9
E01004502,282,17
E01004504,404,26.5
E01004594,311,18.8
E01004596,265,16.3
E01004629,406,25.1
E01004472,316,18.1
E01004474,472,25.3
E01004476,406,24.8
E01004542,237,14.6
E01004544,296,19.3
E01004628,741,32.2
E01004630,780,44.5
E01004631,492,32
E01004633,763,47.2
E01004569,773,31.7
E01004570,781,41
E01004571,582,34.6
E01004573,504,31.6
E01004495,794,51.7
E01004496,347,17.7
E01004497,287,19.9
E01004622,719,31.7
E01004624,274,17.2
E01004593,421,23
E01004595,325,18.5
E01004597,384,21.2
E01004598,270,15.3
E01004599,180,11.9
E01004473,355,20.9
E01004475,375,26.7
E01004480,389,23.5
E01004483,720,34
E01004484,379,24.9
E01004486,296,20
E01004543,235,13.1
E01004545,259,16.4
E01004546,290,19.3
E01004549,474,28.5
E01004625,92,6.6
E01004626,375,20.1
E01004632,328,21.5
E01004634,387,26.3
E01004635,459,27.9
E01004636,428,29.3
E01004637,417,28.3
E01004481,530,31.4
E01004488,377,25
E01004547,454,32.4
E01004548,538,26.2
E01004482,562,35.4
E01004485,437,26.2
E01004487,382,24.5
E01004489,342,23.7
E01004490,225,14.9
E01004491,1000,46.5
E01004492,531,30.9
E01004498,249,14.6
E01004532,497,33.4
E01004611,763,47.6
E01004612,1151,64.4
E01004618,647,41.7
E01004531,896,52
E01004533,622,44.5
E01004610,1176,59.5
E01004613,898,55.6
E01004614,1001,48.5
E01004615,914,50.8
E01004616,1104,51.1
E01004617,909,54.1
E01004525,1022,55.2
E01004526,767,48
E01004527,851,51.6
E01004528,808,53.2
E01004529,820,39.3
E01004530,771,40.9
E01004516,622,34.4
E01004518,615,35.2
E01004519,878,49.7
E01004520,677,49.6
E01004523,521,32.9
E01004517,846,43.1
E01004521,935,47.9
E01004522,759,46.1
E01004524,832,49.8
E01004647,500,33.8
E01004649,761,44.6
E01004724,642,36.5
E01004730,660,39.5
E01004646,537,32.5
E01004648,758,31.6
E01004650,584,29.3
E01004710,885,53.7
E01004711,776,44.4
E01004651,839,41.6
E01004725,905,56
E01004726,765,42.5
E01004728,627,40.2
E01004729,726,44.3
E01004718,1027,52.3
E01004719,767,40.2
E01004720,870,43.5
E01004721,1033,51.7
E01004722,1789,71.7
E01004674,1197,56.8
E01004675,1157,50.7
E01004677,735,40.5
E01004678,944,47.2
E01004679,1123,52.4
E01004723,1126,51.2
E01004676,740,43.9
E01004706,400,25
E01004707,525,26.9
E01004708,562,35.4
E01004756,709,39.4
E01004701,516,31.9
E01004703,713,30.9
E01004705,352,24
E01004709,691,41.3
E01033600,285,23.3
E01033608,342,24.2
E01004659,673,37.3
E01004660,734,41.2
E01004712,515,30.7
E01004727,946,46.7
E01004670,2070,76.4
E01004702,1580,60.8
E01033598,781,62.9
E01033601,919,58.6
E01033602,956,58.8
E01033603,627,47
E01033604,733,59.3
E01033605,1171,57.2
E01004754,889,54.6
E01004755,1272,57.6
E01004757,860,53.8
E01032512,1590,62.6
E01032513,735,54.2
E01004713,366,20
E01004714,660,30.7
E01004716,364,25.6
E01004717,298,19.7
E01004762,722,34.9
E01004657,382,25.8
E01004658,749,48.1
E01004661,801,43.4
E01004662,602,32.1
E01004663,525,31.9
E01004715,680,38.4
E01004763,660,31
E01004765,667,33
E01033595,332,28.3
E01033596,372,30.1
E01004653,377,20.8
E01004654,591,26
E01004656,771,36.6
E01004760,680,41.7
E01033606,353,33.1
E01033607,296,24.7
E01004680,453,30.4
E01004683,535,32.2
E01004684,988,61.1
E01004686,935,61.2
E01033593,702,62.1
E01033594,590,43.1
E01004681,794,37.3
E01004682,576,37.4
E01004694,594,32.8
E01004697,465,30.7
E01004700,530,30.1
E01004652,816,44.3
E01004693,365,26.1
E01004695,485,37.4
E01004696,760,47.9
E01004698,548,35.2
E01004699,705,31.1
E01004734,733,37.2
E01004735,484,26.5
E01004736,412,23.6
E01004761,669,34.4
E01004687,277,16.6
E01004688,834,42.8
E01004689,304,25.9
E01004690,260,18.6
E01004691,464,30.8
E01004692,683,43.5
E01004731,450,25.3
E01004732,516,35.4
E01004733,522,25.5
E01004744,368,27.3
E01004748,275,19
E01004740,498,33.3
E01004743,615,44.1
E01004745,507,24
E01004746,522,36.3
E01004747,642,28.7
E01004742,197,14.2
E01004749,625,25.6
E01004751,285,16.1
E01004752,383,24.4
E01004753,386,21.3
E01004666,398,36.1
E01004667,397,29.5
E01004668,439,30.4
E01004750,568,32.1
E01033597,339,34.2
E01033599,797,50.7
E01004665,717,48.5
E01004669,705,41.9
E01004737,317,24.4
E01004738,248,18.4
E01004739,196,14.5
E01004741,326,25.6
E01000027,484,28.3
E01000028,652,42.1
E01000029,579,36.1
E01000030,657,34.3
E01000031,811,50.2
E01000032,614,37.7
E01000110,631,44.6
E01000111,714,39
E01000112,938,50.1
E01000113,851,50.7
E01000034,340,23.5
E01000037,280,16.6
E01000038,239,16.5
E01000039,317,19.8
E01000063,426,26.3
E01000100,493,29.8
E01000101,445,29.4
E01000109,664,39.4
E01000114,860,41.1
E01000033,327,24
E01000060,616,34.1
E01000061,631,35.5
E01000062,694,35.6
E01000064,617,32.6
E01000065,498,28.7
E01000078,515,30.9
E01000080,479,30.8
E01000081,535,31.7
E01000082,488,29
E01000083,547,32.2
E01000102,450,29.2
E01000021,724,45.9
E01000022,480,36.5
E01000023,496,44.6
E01000024,589,44.1
E01000025,495,30.8
E01000077,475,32.9
E01000015,751,33.5
E01000016,483,29.5
E01000017,488,30.6
E01000018,453,28.4
E01000079,478,30.9
E01000035,530,32.9
E01000036,569,42.1
E01000107,478,28.7
E01000108,504,32.3
E01000066,1009,52.3
E01000067,1055,53.6
E01000069,953,54.1
E01000070,1146,58
E01000071,1385,61.5
E01000057,525,35.1
E01000073,473,29.2
E01000074,438,28
E01000075,467,27
E01000076,709,35.7
E01000013,521,31.4
E01000014,414,25
E01000059,419,26.5
E01000084,401,29.6
E01000085,536,31.2
E01000086,484,33.8
E01000103,684,40.6
E01000104,648,36.4
E01000105,696,32.7
E01000106,749,38.1
E01000007,952,68.4
E01000008,1059,68.6
E01000010,2028,71.4
E01000012,1366,71.9
E01000006,1146,67.3
E01000009,1351,76.2
E01000011,1288,78.8
E01000044,1016,56.5
E01000068,1040,65.4
E01000041,557,33.1
E01000042,818,45.7
E01000045,675,40.9
E01000046,470,26.4
E01000072,668,33.6
E01000054,494,28.8
E01000055,471,30.3
E01000056,514,32.4
E01000058,741,40.1
E01000095,769,48.9
E01000040,668,42.6
E01000043,644,47.4
E01000050,1021,61.5
E01000052,1078,53.5
E01000092,1565,58.5
E01000053,586,39.5
E01000087,461,34.4
E01000088,859,47
E01000089,675,40.5
E01000090,775,48.9
E01000048,1121,62.9
E01000049,1138,62.5
E01000051,1241,64.4
E01033587,924,56.7
E01033588,998,61.7
E01000091,860,50.2
E01000093,757,48.9
E01000094,872,65.8
E01000096,1065,56.2
E01000019,624,44.3
E01000020,642,35
E01000097,528,31.4
E01000098,683,39.1
E01000099,514,29.7
E01032580,706,52.1
E01000248,194,11.7
E01000249,218,14.3
E01000250,444,19.9
E01000254,177,11.4
E01000292,291,19.8
E01000293,362,21
E01000167,288,22
E01000246,265,17.6
E01000247,315,18.6
E01000251,471,25.5
E01000252,353,21.9
E01000166,411,26
E01000168,386,24.7
E01000169,246,16.5
E01000172,309,18.4
E01000285,374,25.8
E01000287,352,22.2
E01000288,437,27.9
E01000289,761,41.9
E01000291,613,38.9
E01000294,374,23.4
E01000267,361,23.8
E01000268,525,30.2
E01000269,328,23
E01000270,336,22.7
E01000170,400,24.4
E01000171,519,28.1
E01000173,381,22.2
E01000174,489,28.3
E01000175,342,21.6
E01000228,548,37
E01000253,361,21.3
E01000279,273,18.8
E01000280,315,22.8
E01000286,462,29.4
E01000290,321,20.6
E01000271,341,23.2
E01000272,275,20.5
E01000273,492,32.4
E01000281,402,31.9
E01000282,563,33
E01000115,445,30
E01000116,444,25.8
E01000119,615,36.6
E01000120,502,33.4
E01000122,531,36.1
E01000117,382,21
E01000118,543,28
E01000121,528,35.3
E01000123,524,31.5
E01000124,668,41.2
E01000265,608,31.6
E01000266,333,21.8
E01000274,616,33.1
E01000320,415,28.1
E01000322,519,30.2
E01000275,669,40.9
E01000277,730,45.9
E01000283,405,28.3
E01000284,553,33.1
E01000321,516,31.6
E01000195,818,45.7
E01000229,686,41.2
E01000230,570,31.9
E01000231,963,52.1
E01000232,757,41.2
E01000233,722,39.7
E01000186,479,29.7
E01000187,508,30.7
E01000188,485,31.2
E01000189,1068,58.9
E01000190,482,30.5
E01000191,534,35
E01000158,514,35
E01000159,491,27.6
E01000160,790,38.3
E01000161,697,38.3
E01000162,605,37.8
E01000324,534,29.9
E01000256,594,33.2
E01000258,416,25.1
E01000263,343,21.7
E01000264,640,38.8
E01000255,540,36.5
E01000257,888,47.9
E01000261,318,19.9
E01000262,967,42.8
E01000192,703,38
E01000193,658,38.5
E01000194,827,50.4
E01000226,860,48.9
E01000227,724,39.1
E01000299,783,43.3
E01000300,586,35.9
E01000302,761,43.2
E01000317,674,41.8
E01000318,830,45.1
E01000323,838,42.3
E01000276,615,40.5
E01000278,667,44.1
E01000301,625,40.6
E01000303,661,42.2
E01000304,480,30.8
E01000130,822,51.3
E01000132,712,48.2
E01000133,751,46.9
E01000234,546,32.1
E01000235,712,42.2
E01000156,457,24.4
E01000157,382,24.8
E01000163,574,36.8
E01000164,650,38.6
E01000165,872,46.8
E01000315,695,40.5
E01000197,662,36.2
E01000295,677,39.5
E01000296,646,37.8
E01000298,644,35.5
E01000125,1682,60.5
E01000127,752,50
E01000128,954,51
E01000129,945,53
E01000131,981,54.3
E01000134,821,50.3
E01000198,626,33.1
E01000199,445,27.5
E01000204,510,29.5
E01000259,1093,42.1
E01000260,871,43.9
E01000126,1325,61.3
E01000151,1173,68.6
E01000152,1094,63.3
E01000153,831,53.9
E01000154,810,59.6
E01000176,594,36.8
E01000178,379,21.2
E01000184,609,43.1
E01000297,617,43
E01000316,1124,48.6
E01000319,464,30.9
E01000196,644,35.7
E01000200,561,30.4
E01000201,514,33.6
E01000202,496,28.3
E01000203,751,43.7
E01000177,339,20.8
E01000179,378,23.4
E01000180,474,29.5
E01000181,323,18.9
E01000182,320,18.9
E01000185,741,51.2
E01000147,1086,62.6
E01000148,1132,60.4
E01000155,1037,55.2
E01033572,928,58.4
E01033573,951,58.6
E01000239,995,50.5
E01000240,842,50.4
E01000241,552,31.7
E01000309,923,50.7
E01000237,613,30.1
E01000242,494,29.8
E01000243,592,31.4
E01000244,745,43.7
E01000245,843,42.5
E01000314,956,51.3
E01000183,344,23.4
E01000206,381,24.2
E01000207,276,17.4
E01000208,358,22.5
E01000210,329,21.3
E01000213,184,12.8
E01000236,379,20.4
E01000238,659,33.6
E01000310,857,42.2
E01000311,319,19.5
E01000205,336,22.1
E01000209,166,10.6
E01000211,668,33.2
E01000212,268,18.8
E01000216,597,30.3
E01000217,338,19.6
E01000150,1204,58.4
E01000305,989,59.7
E01000306,1072,63.2
E01000308,781,51.5
E01000312,889,53.2
E01000313,1110,59.7
E01000145,481,31.7
E01000215,535,26.3
E01000218,498,27.4
E01000219,599,31.4
E01000220,501,26.8
E01000225,377,21.2
E01000135,573,36.6
E01000136,385,25.1
E01000144,618,40.2
E01000146,675,39.3
E01000214,450,27.1
E01000141,978,46.5
E01000221,720,55.6
E01000223,595,46.2
E01000307,917,55.4
E01000138,605,41.8
E01000142,1046,43.9
E01000222,826,52.2
E01000224,850,54.5
E01000137,758,43.8
E01000139,474,33.2
E01000140,566,34.7
E01000143,648,44.4
E01000466,879,53.1
E01000467,848,51.9
E01000468,1730,63.5
E01000469,889,53.7
E01000416,788,50.9
E01000418,782,40.4
E01000422,945,54.7
E01000464,693,48
E01000465,644,41.8
E01000470,688,47.7
E01000333,261,15.7
E01000335,705,39.3
E01000336,823,43.6
E01000337,418,25.3
E01000338,455,26
E01000403,548,26
E01000404,870,38.9
E01000405,460,32.6
E01000408,685,41.9
E01000332,369,24.1
E01000402,336,21.9
E01000406,574,34.8
E01000407,309,20.9
E01000334,345,21.4
E01000417,374,22.8
E01000419,222,15.2
E01000420,216,13.9
E01000442,230,14.3
E01000437,173,13.1
E01000438,244,15.3
E01000439,220,16.1
E01000440,220,15.6
E01000441,246,15.4
E01000373,552,35.1
E01000429,507,30.9
E01000430,640,35.9
E01000431,510,30.5
E01000432,406,24.3
E01000433,479,26.5
E01000434,279,17.6
E01000356,248,16
E01000357,230,15.8
E01000359,196,15.3
E01000421,185,12.5
E01000450,329,18
E01000451,285,16.8
E01000452,264,18.5
E01000367,295,18.7
E01000368,260,16.9
E01000372,379,22.6
E01000380,132,9.1
E01000435,301,21.4
E01000353,164,9.7
E01000354,228,15.1
E01000355,142,9.7
E01000358,178,11.1
E01000436,207,12.3
E01000401,297,18
E01000453,218,14.8
E01000454,269,17.1
E01000455,337,19.8
E01000456,219,15.3
E01000325,103,6.4
E01000326,134,10.3
E01000369,174,10.8
E01000370,170,10.6
E01000371,137,8.9
E01000360,244,14.7
E01000362,164,11.1
E01000365,203,12.1
E01000366,255,16.1
E01000394,189,13
E01000388,276,18
E01000392,399,24.2
E01000409,138,8.4
E01000411,198,14.2
E01000414,468,27.4
E01000415,266,17.8
E01000327,137,8.9
E01000328,111,7.5
E01000329,135,10.3
E01000330,166,10.8
E01000331,236,14.5
E01000340,123,8.2
E01000395,183,12.8
E01000396,217,15.5
E01000410,182,11.6
E01000412,247,14.7
E01000413,165,12.7
E01000374,259,16.9
E01000375,174,11.8
E01000376,196,12.7
E01000377,103,7.3
E01000378,267,12.6
E01000379,185,11
E01000348,122,8.2
E01000349,178,10.7
E01000361,145,9.4
E01000363,227,15.8
E01000389,233,14.1
E01000390,223,17.3
E01000393,245,15.5
E01000346,136,8.4
E01000347,155,10.4
E01000350,122,8.1
E01000352,183,11.6
E01000391,192,11.2
E01000341,101,6.8
E01000342,103,6.5
E01000343,112,7.3
E01000345,114,8.4
E01000460,115,8.5
E01000364,226,14.3
E01000444,229,14
E01000447,135,8.8
E01000448,81,6.1
E01000449,112,7.5
E01000351,137,8.6
E01000443,82,6.4
E01000445,144,8.8
E01000446,93,5.9
E01000461,178,10.7
E01000339,113,7.4
E01000344,111,6.9
E01000423,132,8.1
E01000425,119,6.8
E01000463,117,9.3
E01000424,133,7.9
E01000426,137,8.2
E01000427,160,8.3
E01000457,225,12.6
E01000462,169,10.3
E01000382,150,9.8
E01000384,120,7
E01000387,153,10
E01000428,302,17.2
E01000458,128,8.8
E01000459,167,9.9
E01000381,127,7.9
E01000383,121,8
E01000385,266,14.3
E01000386,295,20.2
E01000398,242,15.1
E01000399,275,17.7
E01000400,310,20
E01032566,311,18.5
E01000587,1213,71
E01000589,1524,78.9
E01000590,1109,62
E01000592,1128,69.5
E01000593,1572,73.7
E01000594,1296,76.3
E01000513,1053,62.2
E01000514,885,58.5
E01000516,1016,59.5
E01000520,931,56.9
E01000588,1584,72.1
E01000515,1111,65.3
E01000517,1077,66.9
E01000543,1250,78.3
E01000591,1629,78.5
E01033463,2093,71.2
E01000536,1094,69.5
E01000538,1033,65.3
E01000539,972,63.1
E01000540,1017,68
E01000541,1029,73.2
E01000518,1052,63.3
E01000519,1302,67.7
E01000623,1106,62.4
E01000624,1035,61.2
E01000629,1227,64.2
E01000480,1144,65.4
E01000484,845,68.8
E01000485,944,68.7
E01000486,1115,65.5
E01000487,1291,68.3
E01000572,1035,69.9
E01000573,1063,66.6
E01000574,858,63.3
E01000575,1276,68.8
E01000577,1863,77
E01000562,1165,75.3
E01000563,1082,73.1
E01000566,1063,69.3
E01000568,1356,60
E01000569,1073,68.6
E01000479,1135,68.4
E01000481,1086,70.6
E01000482,2156,74.7
E01000483,1278,73.2
E01000625,846,56.3
E01000498,1289,76.7
E01000622,756,47.7
E01000626,975,65
E01033464,2301,76.1
E01000497,987,56.2
E01000499,1130,65.2
E01000501,1183,63.1
E01000502,771,55.3
E01000503,967,49.1
E01000570,1193,75.6
E01000571,1234,72.3
E01000576,1219,73.4
E01000578,1098,60.3
E01000564,1082,68.9
E01000565,1099,74.6
E01000607,1747,78.6
E01000608,1819,80.4
E01000613,1224,73.2
E01000506,963,57.6
E01000509,967,66.6
E01000510,987,59
E01000511,969,59.5
E01000627,1240,65.3
E01000628,1246,65.9
E01000553,1080,51.4
E01000554,807,43.5
E01000555,652,43.6
E01000556,997,53.3
E01000557,892,47.9
E01000558,547,36.3
E01000567,891,64.6
E01000606,1264,73.9
E01000609,1539,74
E01000611,1164,82.3
E01000615,1234,77
E01000617,1335,76.3
E01000618,1240,75.7
E01000619,1364,82.6
E01033424,1115,73.9
E01033457,1235,72.1
E01000504,683,40.8
E01000505,988,59.5
E01000507,939,57.5
E01000512,634,37.3
E01000559,551,38.9
E01000610,1539,79.5
E01000612,1258,76.2
E01000631,1594,84.7
E01000633,1792,91
E01000634,2013,85.9
E01000616,1227,70.2
E01000620,1410,82.2
E01000621,1369,77
E01000635,1974,81.7
E01000636,1465,82.5
E01000596,1286,75.9
E01000601,1138,75.6
E01000602,1205,78.2
E01000603,1084,72.9
E01000604,1377,78
E01000605,1176,70.8
E01000488,886,56.2
E01000637,820,49
E01000639,726,41.3
E01000642,857,41.7
E01000644,985,50.6
E01000490,555,34.6
E01000494,785,45.2
E01000495,608,38.6
E01000560,427,26.4
E01000561,784,43.4
E01000638,1056,54.5
E01000640,1257,59.2
E01000641,1118,57.5
E01000643,1398,65.1
E01000508,1283,65.4
E01000521,1539,70.6
E01000522,1186,61.7
E01000526,1688,74.1
E01000527,1392,63.9
E01000528,1186,79.4
E01000471,1248,76.2
E01000474,1793,89.7
E01000476,1373,84.9
E01000477,1475,77
E01000630,1904,84.5
E01000595,1243,73.8
E01000599,1004,76.8
E01000600,1570,76.7
E01033456,1847,83.7
E01000545,658,36.4
E01000546,559,34
E01000547,665,37.4
E01000548,786,38.5
E01000549,632,32.6
E01000472,901,66.9
E01000473,1719,91.3
E01000475,1561,79
E01000478,1390,84.7
E01000632,1930,92.5
E01000489,764,48.3
E01000491,910,45.6
E01000492,519,39.5
E01000493,673,41.1
E01000581,509,32.8
E01000523,1580,60.5
E01000524,1719,68.4
E01000525,1202,60.5
E01000533,1316,58.3
E01000535,1045,48.2
E01033455,719,60.5
E01033485,1285,64.5
E01000579,689,41.4
E01000580,526,26.6
E01000582,469,25.4
E01000583,762,33.5
E01000586,1150,46.8
E01000530,821,45
E01000531,987,47.5
E01000532,761,46.7
E01000534,869,49
E01000584,795,46.9
E01000585,755,41.6
E01000544,1182,66.5
E01000550,1056,53.7
E01000551,1563,70.6
E01000552,1399,77
E01000779,245,19.9
E01000780,337,22.8
E01000781,277,19.2
E01000782,321,22.3
E01000783,276,18.4
E01000785,197,14.3
E01000689,208,15.1
E01000690,180,12.8
E01000691,163,11.3
E01000692,116,7.4
E01000784,184,12.2
E01000799,575,35
E01000802,569,32.9
E01000803,498,31.2
E01000804,363,25.3
E01000805,409,27.1
E01000740,820,47.3
E01000741,605,38.1
E01000742,708,35.1
E01000745,663,37.7
E01000746,551,29.7
E01000709,194,14.7
E01000710,282,17.6
E01000711,281,16.3
E01000714,308,16.5
E01000718,607,29.5
E01000645,199,14.5
E01000649,364,18.4
E01000694,206,12.7
E01000695,94,6.3
E01000696,143,9.4
E01000697,155,9.6
E01000674,288,18.4
E01000676,387,22.3
E01000820,214,15.2
E01000822,316,19.6
E01000823,189,11.3
E01000824,188,15.6
E01000825,247,15.7
E01000743,691,39
E01000744,632,41.3
E01000796,829,50.9
E01000798,617,42.1
E01000800,676,41.8
E01000806,789,45.8
E01000693,302,18.8
E01000698,210,17.8
E01000736,151,9.7
E01000737,199,14.5
E01000672,261,17.2
E01000673,256,16.3
E01000716,195,12.6
E01000717,210,13.1
E01000828,266,16.8
E01000712,295,18
E01000713,289,17.1
E01000715,216,13
E01000770,144,10.1
E01000772,188,12.4
E01000700,266,17.6
E01000702,249,18.8
E01000703,225,14.1
E01000706,248,19.2
E01000797,239,15.3
E01000729,300,16.8
E01000730,278,16.1
E01000735,198,13.3
E01000738,220,14.4
E01000739,263,17.3
E01000699,495,34.3
E01000701,332,25
E01000704,361,25
E01000705,494,37.7
E01000801,426,30.1
E01000646,265,16.1
E01000647,202,12.6
E01000648,265,15.2
E01000653,215,13.6
E01000678,278,16.3
E01000670,444,23
E01000675,369,22.7
E01000677,312,17.6
E01000762,267,16.5
E01000829,309,17.8
E01000719,342,18
E01000720,327,20
E01000721,291,21.9
E01000724,404,23
E01000728,200,13.6
E01000651,172,10.6
E01000668,225,13.9
E01000669,170,10.2
E01000671,301,17.3
E01000679,221,13.3
E01000826,197,12.1
E01000827,312,18.4
E01000830,228,14.7
E01000831,224,13.7
E01000833,174,11.9
E01000650,340,17.8
E01000652,167,10.3
E01000807,149,9.7
E01000809,91,6
E01000722,193,11.8
E01000725,164,10
E01000731,215,15.8
E01000732,176,11.9
E01000733,170,10.7
E01000769,228,16.1
E01000773,187,12.3
E01000775,438,19.3
E01000777,244,15.6
E01000778,274,17.3
E01000808,163,10.2
E01000810,118,7.9
E01000811,114,8.6
E01000813,159,9.9
E01000815,120,7.8
E01000661,332,20.8
E01000662,293,16.8
E01000663,211,13
E01000664,216,13.4
E01000763,118,8.1
E01000764,175,10.8
E01000766,123,7.2
E01000767,122,7.4
E01000834,122,9.2
E01000727,145,9.3
E01000734,164,12.1
E01000790,390,19.3
E01000812,169,11.3
E01000814,170,11.1
E01000723,60,4.8
E01000726,125,9.8
E01000787,123,8.8
E01000788,266,17.4
E01000791,142,9.8
E01000832,214,14.4
E01000835,175,10.8
E01000836,154,10.9
E01000837,223,14.7
E01000838,142,9.7
E01000839,133,8.9
E01000840,102,6.6
E01000841,140,9
E01000753,117,6.5
E01000754,176,10.5
E01000755,124,8.2
E01000757,81,5.4
E01000758,141,9.5
E01000786,96,6.8
E01000789,368,20.4
E01000792,196,17.2
E01000793,112,7
E01000795,127,9
E01000665,211,11.6
E01000666,103,5.7
E01000667,172,10.6
E01000756,179,11.5
E01000759,81,5.3
E01000760,98,6.5
E01000761,110,7.1
E01000765,111,6.5
E01000768,108,6.9
E01000681,162,9.5
E01000682,117,7.7
E01000683,257,16.1
E01000684,331,16.3
E01000794,115,7.4
E01000749,65,4.1
E01000750,132,8.8
E01000751,355,17.7
E01000752,81,5
E01000680,80,5
E01000685,119,7.6
E01000686,122,8.1
E01000687,105,6.6
E01000688,118,8.6
E01000654,61,4.8
E01000655,59,4.5
E01000656,85,6.1
E01000657,79,5
E01000659,46,3.1
E01000816,390,26.3
E01000818,280,19.1
E01000819,429,25.1
E01032562,399,26.5
E01032563,274,18.5
E01000707,130,8.9
E01000708,216,14
E01000771,297,18.2
E01000774,257,17.4
E01032568,279,18.8
E01000658,25,1.8
E01000747,115,6
E01000748,65,4.1
E01032570,56,3.6
E01001137,665,37.6
E01001138,551,34.8
E01001156,763,44.4
E01001162,810,47
E01001164,651,34.2
E01001084,889,48.6
E01001157,990,58.1
E01001159,877,48.7
E01001160,1294,68.8
E01001163,882,45.5
E01001083,966,60
E01001086,1142,65.3
E01001087,1441,65.6
E01001161,1218,65.9
E01001085,1077,67.1
E01001088,1149,67.2
E01001089,1188,62.3
E01001090,1459,63.8
E01001091,958,60.4
E01001147,1088,67.1
E01001148,1036,64.2
E01001151,993,62.1
E01001152,1182,70.7
E01001158,759,48.5
E01001146,1145,70.9
E01001149,954,60.7
E01001150,989,59.8
E01001153,1184,73.1
E01001154,1342,68.2
E01001136,1077,57.3
E01001139,882,55.1
E01001140,721,44.7
E01001142,795,52.1
E01001144,1019,60.9
E01001141,720,57.8
E01001143,1142,58.8
E01001145,1067,63.3
E01001191,1115,63.2
E01001192,939,57.1
E01000994,1126,70.7
E01000995,1258,77.1
E01000996,951,75.8
E01000997,1023,73.3
E01000999,1055,79.2
E01001002,1011,75.3
E01000998,1114,71.8
E01001000,958,75.6
E01001003,1033,68.4
E01001111,1053,65.5
E01001155,1189,74.2
E01001174,1287,79.4
E01001175,1167,75.7
E01001176,1578,83
E01001182,1062,74.7
E01001183,1334,84.9
E01001184,1066,79
E01001001,844,70.6
E01001109,1155,56.6
E01001112,1073,62.5
E01001113,1153,63.1
E01001114,949,67.8
E01001116,888,65.3
E01000992,989,50
E01001185,678,41.4
E01001186,993,56.9
E01001188,1077,58.8
E01001193,1126,62.3
E01001004,1528,71.8
E01001115,1205,70.6
E01001117,2017,73.1
E01001178,959,70.3
E01001181,1314,71.8
E01001006,979,62.8
E01001007,1496,76
E01001177,1191,73.7
E01001179,1133,73.9
E01001180,1282,73.8
E01000980,649,46.1
E01000981,663,40.4
E01000982,636,39.7
E01000983,627,36.6
E01001187,984,50.6
E01000989,514,30.1
E01000991,431,26.1
E01001131,323,20.7
E01001132,332,22.7
E01001134,430,26.6
E01001005,1311,77.7
E01001008,1022,63.6
E01001009,1464,79.3
E01001010,787,52
E01001011,1403,75.1
E01001012,1426,74.2
E01001013,1335,66.2
E01001048,1227,63.2
E01001110,1147,64.2
E01001118,1234,65.6
E01000985,427,29.5
E01000986,642,36.9
E01000987,441,30.8
E01000993,534,33
E01000975,724,44.9
E01000976,903,48.4
E01000977,796,46
E01000978,755,42.5
E01000979,724,42.5
E01000984,886,48.4
E01001044,849,44.2
E01001046,1041,59.5
E01001049,721,50.8
E01001050,812,49.3
E01001014,1575,59.1
E01001042,805,44.3
E01001165,724,43.7
E01001166,793,43.7
E01001168,720,41.5
E01001127,378,23.5
E01001128,732,45.4
E01001130,1090,61.4
E01001135,458,27.8
E01001062,472,30.1
E01001063,404,26.3
E01001064,451,28.8
E01001129,295,20.3
E01001133,380,24.4
E01001035,671,38.1
E01001043,1283,49.8
E01001045,755,41.5
E01001047,583,34.8
E01001170,843,41.1
E01001167,1065,48.6
E01001169,757,45.1
E01001171,778,47.5
E01001172,767,43.9
E01001173,1165,45.5
E01001036,480,31.6
E01001037,497,35.6
E01001038,620,34.6
E01001039,346,23.5
E01001040,488,28.6
E01001051,559,36.1
E01001052,551,38.1
E01001054,545,31.9
E01001056,724,39.1
E01001057,833,45.9
E01001033,567,35.1
E01001034,429,28.3
E01001041,588,36.5
E01001095,498,33.9
E01001100,351,23.8
E01001053,345,22.8
E01001055,391,24.5
E01001077,231,16.5
E01001078,351,25
E01001082,366,22.5
E01001120,280,22.2
E01001122,466,30.3
E01001123,309,20.4
E01001124,242,15.4
E01001125,443,26.8
E01001058,249,18.8
E01001059,243,17.4
E01001060,311,19.7
E01001061,368,24
E01001065,208,15.6
E01001066,546,39.9
E01001119,148,10.1
E01001126,210,15
E01001032,258,18.5
E01001101,238,16.7
E01001102,295,20.2
E01001107,431,26.7
E01001108,336,19.6
E01001076,430,26.8
E01001079,372,22.1
E01001080,487,29
E01001081,325,23.1
E01001073,372,25.8
E01001092,601,33.8
E01001093,739,42.5
E01001096,444,28.9
E01001097,691,32.9
E01001098,337,23.2
E01001028,624,38.3
E01001029,497,31.2
E01001030,489,34.7
E01001031,349,23.8
E01001094,542,34.2
E01001103,298,17.7
E01001105,269,15.6
E01001106,279,18.7
E01001121,212,16.2
E01001069,322,23.2
E01001070,498,28.9
E01001075,281,18.2
E01001099,412,27.9
E01001015,292,20.3
E01001016,364,21.3
E01001023,411,31.3
E01001067,447,27.4
E01001074,594,30.7
E01001068,424,22
E01001071,309,16.3
E01001072,227,15.3
E01001104,341,20.5
E01001017,191,11.8
E01001024,286,20
E01001025,204,15.7
E01001026,209,12.1
E01001027,326,20.6
E01001018,124,8
E01001019,208,13.8
E01001020,268,16.4
E01001021,259,19.4
E01001022,184,12.7
E01000990,620,43.7
E01001189,632,52.2
E01001190,930,58.6
E01001194,757,48.2
E01032569,808,46.7
E01001269,997,50.3
E01001271,930,51.6
E01001309,1005,54.9
E01001310,1026,57
E01001311,1009,48.5
E01001307,933,50.9
E01001308,1282,62.8
E01001312,1119,60.8
E01001313,1102,64.8
E01001314,822,51.9
E01001315,855,58.5
E01001316,927,58.6
E01001317,953,51.2
E01001318,901,50.3
E01001320,824,53.2
E01001321,961,47.6
E01001270,821,47.7
E01001319,742,49.5
E01001322,783,46.3
E01001323,897,51.9
E01001341,1129,65.9
E01001342,1181,63.3
E01001343,854,56.8
E01001345,1137,67.7
E01001265,795,47
E01001266,941,51.4
E01001267,1008,51.6
E01001272,838,51.5
E01001349,761,54.2
E01001344,1067,49.4
E01001346,829,44.1
E01001347,705,46
E01001348,708,44.3
E01001257,1050,58.9
E01001324,855,55.1
E01001326,900,52.4
E01001330,888,55.6
E01001332,915,60.9
E01001325,829,47.2
E01001327,949,52.6
E01001328,988,57.1
E01001329,948,53.2
E01001331,1057,63.1
E01001258,882,52.2
E01001262,842,52.9
E01001263,962,57.5
E01001264,817,49.4
E01032743,1469,67.6
E01032744,989,64.8
E01001276,821,45.9
E01001277,882,47.8
E01001278,1037,52.9
E01001280,705,40.5
E01001218,1272,66.7
E01001260,1060,55.8
E01001261,1210,55.6
E01001268,708,40.8
E01001209,349,20.4
E01001211,452,26.6
E01001279,429,29.1
E01001281,341,21.3
E01001217,1124,73
E01001259,817,56.1
E01001291,1209,73.6
E01001292,1221,71.5
E01001293,1354,84.7
E01001196,883,50
E01001238,1565,54.6
E01001239,868,56.3
E01001246,651,47.9
E01001247,998,46
E01001210,926,55.2
E01001282,642,41.2
E01001283,691,43.3
E01001285,652,38.6
E01001286,624,37.3
E01001287,826,57.5
E01001294,1698,89.7
E01001295,1617,88.6
E01001296,1256,84.8
E01001297,1621,89.4
E01001298,1628,84.2
E01001204,529,33.3
E01001205,737,47.3
E01001206,1136,66.3
E01001207,441,28.1
E01001208,320,23.4
E01001212,481,28.9
E01001222,915,38.4
E01001224,296,18.3
E01001226,512,33.4
E01001227,453,29.9
E01001228,557,30.7
E01001221,570,30.6
E01001223,394,26
E01001225,583,32.6
E01001235,491,30.7
E01001236,511,32.1
E01001273,797,49.1
E01001274,1031,63.3
E01001275,662,34.8
E01001195,947,51.7
E01001197,743,42.4
E01001198,412,28.6
E01001199,661,38.8
E01001284,484,31.4
E01001288,470,31.4
E01001289,437,31.6
E01001290,538,29
E01001213,1663,90.9
E01001214,1597,91.3
E01001215,1590,90.1
E01001216,1353,86.5
E01001361,1675,93
E01001240,834,51.6
E01001241,730,48.6
E01001242,700,48.1
E01001243,942,54.1
E01001244,1424,56.1
E01001245,655,34.2
E01001200,493,32.5
E01001201,413,26.5
E01001202,992,46.8
E01001203,631,36.4
E01001351,787,39.5
E01001359,2123,96.5
E01001360,1851,96.3
E01001362,1782,92.1
E01001363,1588,94.2
E01001364,1483,88.5
E01001365,2096,94.5
E01001231,704,37.7
E01001234,500,35.7
E01001350,479,32.2
E01001352,477,31.6
E01001354,546,29.7
E01001249,1220,51.5
E01001250,805,39.4
E01001255,493,30.6
E01001383,573,32
E01001388,618,37.7
E01001389,549,32.9
E01001219,1634,79.9
E01001220,1184,78.5
E01001334,1450,89.3
E01001337,922,62.7
E01001338,1704,87.3
E01001339,1479,80.3
E01001340,1158,61.3
E01001251,471,28.5
E01001252,694,35.8
E01001253,461,28
E01001254,360,21.4
E01001229,522,34.3
E01001230,381,25.6
E01001232,530,34.5
E01001233,445,31.3
E01001237,327,20.5
E01001386,310,17.3
E01001303,321,19.6
E01001382,347,22.2
E01001384,465,28.3
E01001385,377,22.4
E01001387,377,24.4
E01001353,616,37
E01001355,551,33.1
E01001356,1282,65.1
E01001357,650,57
E01001358,1081,67.5
E01001375,206,12.4
E01001377,276,15.6
E01001379,214,12.7
E01001381,468,28.4
E01001248,570,35.8
E01001299,459,25
E01001305,405,23.6
E01001306,312,19.4
E01001366,1791,93.1
E01001367,1608,91.2
E01001368,1593,92.5
E01001370,1781,89.9
E01001371,1889,90.8
E01001372,1615,91.6
E01001373,1389,92.7
E01001333,1680,88.3
E01001335,1369,76.9
E01001336,1189,75.6
E01001369,1656,89.7
E01001300,373,22
E01001301,490,27.5
E01001302,402,24.8
E01001304,372,22.9
E01001374,433,24.1
E01001376,525,33.2
E01001380,337,19.2
E01032572,337,21.4
E01001444,621,37.1
E01001446,657,36.2
E01001546,622,34.9
E01001552,583,32.3
E01001442,700,41.6
E01001545,738,40
E01001547,698,39.7
E01001548,737,40.5
E01001551,580,33.5
E01001445,1066,46.7
E01001447,762,39.4
E01001448,917,50.1
E01001449,688,42.1
E01033148,1061,54.4
E01033150,949,57.3
E01001408,253,15.4
E01001411,323,17.6
E01001412,341,18.6
E01001413,138,8.5
E01001414,467,29.9
E01001407,345,21.1
E01001409,727,38.5
E01001410,623,36.2
E01001516,746,40.7
E01001537,366,20.9
E01001439,915,44.1
E01001441,631,41.7
E01001517,863,45.7
E01001549,931,47.1
E01001550,563,33.9
E01001433,646,35.4
E01001434,582,37
E01001435,621,42
E01001436,759,40.2
E01001438,729,43.9
E01001469,380,23.1
E01001536,229,13.3
E01001540,325,18.4
E01001541,235,15.6
E01001542,376,23.9
E01001538,257,15.5
E01001539,286,17.1
E01001543,341,20.4
E01001544,271,17
E01001457,282,17.3
E01001468,376,28.1
E01001471,346,19.9
E01001472,264,15.7
E01001474,299,16.9
E01001415,342,22.2
E01001417,448,22.7
E01001418,428,25.9
E01001422,401,24.2
E01001440,748,45.6
E01001504,734,47.4
E01001505,937,54.3
E01001507,1038,55.5
E01001508,1111,57.5
E01001513,604,34.1
E01001416,477,27.5
E01001470,240,15
E01001473,375,24.4
E01001475,419,24.6
E01001437,1132,47.7
E01001506,973,59.5
E01001509,1010,58.1
E01001510,854,57.1
E01001405,324,19.2
E01001406,492,30.2
E01001450,459,24.4
E01001512,446,25.1
E01001515,938,48.2
E01001401,366,27.7
E01001478,619,40.2
E01001484,530,38.7
E01001511,574,32.8
E01001514,555,31.4
E01001518,523,29.6
E01001451,254,15.5
E01001452,297,21.9
E01001453,336,20
E01001454,317,19.4
E01001476,806,48.4
E01001477,963,52.1
E01001481,868,52.7
E01001502,1008,53.8
E01001503,885,48
E01001520,545,32.4
E01001522,594,32.9
E01001523,421,24.2
E01001524,619,40.4
E01001526,387,23.9
E01001419,547,28.1
E01001420,436,27.8
E01001421,551,32.1
E01001519,962,38.5
E01001525,508,28.1
E01001398,293,21
E01001399,376,26.2
E01001400,359,23.3
E01001402,465,25.4
E01001403,501,31.3
E01001455,325,21.8
E01001456,218,15.6
E01001564,302,18.1
E01001567,263,16.6
E01001568,360,22.7
E01001569,395,22.6
E01001479,982,56.8
E01001482,1122,60.5
E01001487,1186,60.9
E01001489,984,54.6
E01001491,1248,63.2
E01001459,869,51.9
E01001460,1063,62.1
E01001462,849,63.4
E01001480,752,48.5
E01001488,1119,59.4
E01001483,669,58.2
E01001485,1049,57.8
E01001486,1225,58.2
E01001492,1116,57.8
E01033146,928,58.5
E01033151,876,59.1
E01001404,554,37.6
E01001493,571,32.2
E01001494,640,42.1
E01001496,624,36.6
E01001570,561,30.2
E01001423,1021,56.6
E01001425,1115,59.9
E01001428,938,55.9
E01001461,979,57.1
E01001464,584,43.9
E01001521,533,30
E01001531,317,21.2
E01001532,416,23.6
E01001533,378,24.1
E01001535,488,32.9
E01001495,388,22.6
E01001498,669,34.4
E01001563,439,27.2
E01001565,516,31.5
E01001566,355,20.6
E01001424,730,60.3
E01001426,1048,57.6
E01001427,1186,64.5
E01001429,1501,62.7
E01001430,1222,64.9
E01001463,775,49.3
E01001465,721,47.9
E01001466,946,52.7
E01001467,1058,56.5
E01001497,544,36.9
E01001499,732,44.4
E01001392,639,35
E01001528,698,48.3
E01001529,625,40.4
E01001530,552,42.8
E01001534,626,38.4
E01001431,869,56.1
E01001432,1241,65.1
E01001555,1158,64.9
E01001557,926,58.4
E01001558,1041,64.5
E01001559,1199,58.5
E01001394,704,42.6
E01001395,731,46
E01001397,882,45.8
E01001500,531,34.8
E01001556,655,41.5
E01001560,835,52.2
E01001390,665,33.7
E01001391,550,35.2
E01001393,775,36.7
E01001396,473,33.5
E01001501,673,36.4
E01001527,473,30.3
E01001458,991,56.8
E01001553,855,53.5
E01001554,1055,58.9
E01001562,1088,63.4
E01032574,1257,61
E01001690,891,46.1
E01001692,640,46
E01001693,875,56.2
E01001694,925,54.9
E01001687,621,51.5
E01001688,1565,59.7
E01033739,893,61.9
E01033740,1030,65.3
E01033741,1413,57.5
E01033743,1445,70.9
E01033745,1072,58.9
E01001575,866,50.7
E01001576,775,44.6
E01001577,908,48.9
E01001578,1050,49.3
E01001579,734,44.6
E01001709,534,45.6
E01001711,723,51.2
E01001712,1101,51.5
E01033731,393,38.6
E01033734,488,37
E01033735,576,53.7
E01033736,339,30.1
E01033737,886,59.3
E01001705,1114,55.9
E01001706,732,54.6
E01001708,436,27.3
E01001710,1013,59.8
E01001713,1033,59.1
E01001672,1392,67.9
E01001673,1282,67.8
E01001674,1203,61
E01001675,1386,70
E01001677,1132,58.1
E01001631,1277,61.6
E01001632,1676,72.3
E01001635,751,45.2
E01001636,1008,58.5
E01033742,734,54.3
E01033744,964,52.2
E01001571,769,46.9
E01001572,709,41.4
E01001573,702,46.6
E01001574,757,42.8
E01001629,1137,52.3
E01001633,821,51.1
E01001634,785,45.8
E01001637,842,49.4
E01001695,966,59.4
E01001696,869,64.4
E01001697,1226,58.5
E01001700,1263,62.6
E01001703,1422,73.5
E01001704,762,46.2
E01001588,575,34
E01001589,526,32.8
E01001591,871,42.7
E01001595,946,47.8
E01001590,647,36.4
E01001592,453,26.4
E01001593,247,15.1
E01001594,941,48.6
E01001698,1090,61.3
E01001699,818,44.3
E01001701,556,36.5
E01001702,1113,66.4
E01001581,332,19.6
E01001585,246,16.1
E01001586,310,20.8
E01001587,326,17.2
E01001678,565,33.9
E01001683,610,40.2
E01001684,541,36.8
E01001685,504,33.1
E01001646,1114,39.4
E01001650,589,34
E01001651,651,38
E01001652,407,26.2
E01001679,423,31.4
E01001680,377,24
E01001681,397,32.4
E01001682,378,28.4
E01001686,707,39.8
E01001580,239,14.6
E01001582,328,22.2
E01001583,221,13.8
E01001584,175,11.3
E01001645,569,33.5
E01001647,548,36.8
E01001648,565,32.3
E01001649,367,24
E01001605,169,10.7
E01001606,168,10.3
E01001610,225,13.5
E01001611,196,11.8
E01001620,410,25.8
E01001621,249,16.7
E01001623,424,25
E01001624,191,12.3
E01001625,301,19.1
E01001604,192,13.3
E01001607,153,10.4
E01001608,89,6.1
E01001609,223,13.9
E01001613,251,15.8
E01001614,129,9.2
E01001615,325,21.4
E01001617,199,12.6
E01001653,285,18.4
E01001654,398,25.7
E01001655,282,19.2
E01001660,505,31.6
E01001661,338,22.2
E01001618,209,13
E01001619,306,16.3
E01033729,692,23.3
E01001597,386,24.7
E01001598,333,21
E01001602,321,17.1
E01001603,285,17.2
E01001596,254,16.2
E01001599,325,19.1
E01001600,272,17.4
E01001601,210,13.5
E01001669,788,42
E01001671,492,31.2
E01001676,981,54.8
E01032567,614,37.2
E01001656,207,16.3
E01001657,302,19.5
E01001658,393,25.4
E01001659,535,36.8
E01033726,979,39.3
E01001640,1062,45.5
E01033727,1265,49.3
E01033728,347,28.3
E01033730,367,30.2
E01001666,714,48.6
E01001667,629,40.2
E01001668,567,25
E01033732,490,46.5
E01033733,444,39.2
E01001662,268,16.7
E01001664,382,20.4
E01001665,453,24.3
E01033738,346,28.5
E01001638,929,47.1
E01001641,463,26.4
E01001642,225,12.6
E01001644,594,26.9
E01033746,246,16.8
E01002112,837,44.3
E01002114,861,43.2
E01002225,394,25
E01002226,970,43.5
E01002113,672,43.4
E01002115,815,54
E01002116,677,40.6
E01002117,1335,63.4
E01002118,837,47.6
E01002227,883,48.8
E01002228,1095,52
E01002229,697,40.6
E01002230,818,45.6
E01002144,698,44.4
E01002146,605,40.9
E01002147,577,42.1
E01002149,627,46.1
E01002140,815,47.8
E01002141,749,42.5
E01002142,907,51
E01002143,894,56.9
E01002145,669,42.9
E01002139,764,53.5
E01002148,686,47.3
E01002150,771,40.9
E01002151,726,47.6
E01002152,643,39.6
E01002119,1044,61.1
E01002120,770,59.4
E01002121,1155,65.6
E01002122,1049,61.5
E01002123,1062,61.2
E01002106,1152,56.8
E01002108,1186,65.2
E01002109,726,40.6
E01002110,1055,59.9
E01002111,1407,64.8
E01002185,803,52
E01002186,667,40.3
E01002187,819,44.4
E01002190,707,42.3
E01002124,1352,76.4
E01002125,1173,69.9
E01002198,1376,75.6
E01002200,1257,74.5
E01002203,1316,75.2
E01002232,1142,57.9
E01002233,1306,64.3
E01002234,1082,62.1
E01002235,1219,63.4
E01002236,1231,68.3
E01002107,1129,63.6
E01002197,950,68.1
E01002199,1179,76.9
E01002201,1421,81.6
E01002202,1487,72.3
E01002179,1512,67.2
E01002180,1311,62.9
E01002183,1400,66.5
E01002184,1106,58.7
E01002231,1147,59.6
E01002154,1079,53.4
E01002156,721,47.4
E01002162,1015,54
E01002163,945,57.8
E01002188,324,19.6
E01002189,493,29.7
E01002192,529,34.5
E01002193,665,37
E01002165,1289,74.3
E01002166,1293,77.8
E01002167,1167,71.6
E01002168,998,66.9
E01002169,1215,75
E01002153,986,55.9
E01002155,682,41.5
E01002157,1101,65.3
E01002158,742,50.9
E01002128,993,49
E01002130,1427,63.1
E01002181,1065,56.5
E01002182,1322,64.5
E01002159,1077,57.9
E01002160,1108,56.3
E01002161,1364,67.2
E01002164,787,44.6
E01002191,1107,56.4
E01002194,533,30.9
E01002195,707,43.2
E01002196,681,38.7
E01002126,1758,63.2
E01002127,1025,60.8
E01002129,1072,52.5
E01002131,992,61.1
E01002237,809,49.8
E01002238,934,51.8
E01002240,816,46.9
E01002242,1248,66
E01002208,642,47.3
E01002209,998,60.7
E01002239,885,52.7
E01002241,1091,66.7
E01002133,1319,64.9
E01002136,1000,57.4
E01002138,1075,69.3
E01002213,1959,67.3
E01002211,966,62.6
E01002212,1214,69.4
E01002216,1258,74
E01002217,1059,69.4
E01002132,970,48.2
E01002134,736,50.3
E01002135,982,55.6
E01002137,375,22
E01002218,1073,65.1
E01002219,1296,71.5
E01002221,1036,66.2
E01002222,1071,66.6
E01002214,1202,64.5
E01002215,847,55.2
E01002220,1020,62.7
E01002223,1311,70
E01002224,920,60.1
E01002204,1249,71.9
E01002206,965,69.6
E01002207,1192,68.9
E01002210,1128,70.3
E01032576,1110,66.6
E01002170,965,72.9
E01002171,1251,74.6
E01002172,1029,65.2
E01002173,1281,73.5
E01002174,1211,76.5
E01002175,1077,76.8
E01002176,1306,74.8
E01002177,981,68
E01002178,1226,73
E01002276,215,11.2
E01002278,151,9.4
E01002312,129,9.2
E01002313,215,14.1
E01002277,105,7
E01002279,177,11.2
E01002281,176,10.9
E01002283,239,15.8
E01002299,210,12.2
E01002301,161,10.3
E01002303,314,15.4
E01002304,110,7.8
E01002306,278,17.4
E01002307,165,9.9
E01002280,278,18.3
E01002282,232,14.6
E01002284,313,17
E01002297,212,14.3
E01002314,270,16.3
E01002316,337,21.8
E01002302,140,9
E01002305,188,12.4
E01002308,200,12.3
E01002326,153,10.2
E01002331,188,12
E01002309,283,18.4
E01002310,238,14.2
E01002311,276,16.3
E01002315,298,19.4
E01002293,173,10.9
E01002294,108,7.2
E01002296,137,8.2
E01002298,140,9.1
E01002300,160,10
E01002333,85,6.4
E01002334,138,8.3
E01002336,102,6.8
E01002339,144,8.9
E01002341,101,7.4
E01002327,169,11.4
E01002328,237,14.1
E01002332,137,8.4
E01002335,89,6.2
E01002338,182,13.3
E01002340,161,11.7
E01002268,193,14.3
E01002269,193,10.8
E01002295,133,8.5
E01002377,242,14.8
E01002378,128,7.6
E01002383,186,11.8
E01002244,300,17.7
E01002245,204,12.8
E01002325,117,6.8
E01002329,215,13.3
E01002330,265,15.3
E01002337,127,9.8
E01002354,129,9.4
E01002376,133,9.2
E01002379,238,16.2
E01002380,230,11.1
E01002381,167,10.9
E01002243,427,22.8
E01002353,375,18.7
E01002356,539,25.2
E01032741,235,21.8
E01032742,157,12
E01002272,107,8.1
E01002274,148,9
E01002317,136,8.8
E01002318,120,7.4
E01002355,130,8.8
E01002382,194,10.9
E01002270,557,33.3
E01002271,409,27.4
E01002273,230,16.9
E01002275,281,20.7
E01002319,198,12.4
E01002350,304,19.6
E01002351,190,12
E01002352,242,14.8
E01002358,317,17.9
E01002246,368,21.6
E01002247,459,25.5
E01002248,290,20.8
E01002249,618,32.4
E01002250,366,23.4
E01002251,309,21.6
E01002252,60,4
E01002256,79,5.3
E01002258,81,4.8
E01002259,81,5.5
E01002391,65,4
E01002253,76,4.9
E01002254,107,6.6
E01002257,101,5.9
E01002384,96,6.3
E01002359,78,5.9
E01002360,63,4.4
E01002361,155,9.1
E01002363,108,6.8
E01002367,90,5.7
E01002320,114,7.7
E01002321,189,11.5
E01002322,202,10.4
E01002323,182,10.8
E01002324,114,7.8
E01002255,121,8.2
E01002289,112,6.9
E01002292,117,7.6
E01002362,108,7.2
E01002386,160,8.7
E01002287,147,9.4
E01002291,143,9
E01002364,57,3.9
E01002365,143,10.9
E01002366,164,11.2
E01002385,47,2.9
E01002387,70,4.4
E01002388,78,4.7
E01002389,30,2
E01002390,74,5.1
E01002265,134,9.1
E01002285,64,5.1
E01002286,89,5.4
E01002288,113,7.3
E01002290,107,7.1
E01002260,333,21.7
E01002261,308,18.7
E01002262,230,14.1
E01002263,189,11.8
E01002264,147,10
E01002266,150,10.4
E01002267,211,12.6
E01002372,178,11
E01002373,197,12.5
E01002374,240,15.7
E01002368,399,25
E01002369,375,19.8
E01002370,329,16.7
E01002371,221,13.6
E01002375,282,16.2
E01002343,165,9.7
E01002344,217,14.2
E01002348,118,7.7
E01002349,69,4.6
E01002342,386,24.3
E01002345,388,23.1
E01002346,289,19.2
E01002347,323,22.4
E01002473,623,40.3
E01002475,469,31.3
E01002476,728,46.2
E01002477,504,40.3
E01002482,651,40.5
E01002472,464,29.5
E01002474,443,29.4
E01002478,413,27.2
E01002483,703,40.4
E01002484,370,26
E01002485,584,34.1
E01002438,154,11.6
E01002439,239,15.2
E01002440,139,9.6
E01002441,239,15.4
E01002442,152,10.1
E01002433,431,23.6
E01002436,322,20
E01002479,516,30.3
E01002480,515,29.3
E01002481,511,31.3
E01002533,207,14.2
E01002534,214,14.6
E01002538,237,15.1
E01002539,186,12.2
E01002418,406,22.7
E01002419,339,22.1
E01002431,391,27.6
E01002432,344,22
E01002437,314,21.4
E01002430,192,13.1
E01002434,176,13
E01002435,284,19.8
E01002470,340,20.2
E01002535,417,23.6
E01002416,275,15.8
E01002417,330,20.7
E01002420,321,20.1
E01002421,350,20.6
E01002471,275,17
E01002465,302,19.2
E01002467,228,15
E01002494,442,26.1
E01002536,318,22.4
E01002537,332,23.6
E01002415,279,16.3
E01002466,192,11.4
E01002468,250,14.7
E01002469,246,14.7
E01002495,539,24.2
E01002458,272,19.2
E01002459,206,12.7
E01002460,238,17.8
E01002462,317,22.4
E01002464,266,16.8
E01002461,530,36.9
E01002463,433,27.6
E01002512,481,27.6
E01002513,362,27
E01002516,612,42.1
E01002450,427,30
E01002451,479,31.6
E01002452,539,35
E01002453,525,31
E01002454,516,29
E01002414,1531,46.2
E01002514,558,29.7
E01002515,426,26.5
E01033725,717,30.1
E01002520,493,31.8
E01002521,564,32.9
E01002523,695,42.8
E01033724,2399,48.6
E01002410,643,38
E01002412,1012,44.2
E01002456,526,31.4
E01002509,459,31.6
E01002511,441,29
E01002422,612,42.6
E01002423,618,37.6
E01002424,751,47.7
E01002425,835,46.5
E01002427,651,43.2
E01002428,523,35.6
E01002408,553,36.2
E01002409,715,40.3
E01002429,557,39.4
E01002455,741,42.9
E01002457,690,44.2
E01002392,771,46
E01002393,1097,55.2
E01002540,908,54.2
E01002542,1269,66.3
E01002543,982,56.8
E01002394,1078,66.6
E01002395,997,70.9
E01002397,1365,80.5
E01002398,1359,78.8
E01002399,1217,76.5
E01002426,988,55.4
E01002411,423,24.7
E01002413,406,26.5
E01002518,382,28.7
E01002519,353,23.7
E01002550,552,30.5
E01002554,1061,41.4
E01002541,897,46
E01002544,1188,70.8
E01002545,906,60.3
E01002546,1277,81.2
E01002547,1277,81.5
E01002400,856,47.8
E01002401,947,55.6
E01002402,907,60.5
E01002403,1172,65.3
E01002404,969,52.7
E01002548,452,27
E01002549,615,35.1
E01002551,685,36
E01002552,516,32.6
E01002553,504,29.8
E01002396,1310,74.9
E01002501,1085,64.9
E01002502,817,51.4
E01002505,1008,59.5
E01002508,1235,63.2
E01002405,1010,52.6
E01002406,1398,65.5
E01002503,1077,64.1
E01002504,1027,50.7
E01002506,1394,75.9
E01002507,1224,73.9
E01002486,1325,60.4
E01002487,1292,71
E01002526,727,37.8
E01002528,597,35.4
E01002532,859,37.5
E01002445,682,40
E01002525,375,23.2
E01002529,966,46.3
E01002530,481,29.4
E01002531,413,25.5
E01002407,1789,76
E01002488,1072,62
E01002489,1434,78.6
E01002490,1418,68.1
E01002492,1249,75.8
E01002444,883,48.2
E01002446,585,36.3
E01002447,795,46.8
E01002527,399,26.2
E01002443,1131,69.6
E01002448,1007,51.5
E01002449,1022,57.7
E01002491,1075,67
E01002493,1205,64.5
E01002496,486,27
E01002497,577,31.5
E01002498,356,25.1
E01002499,512,30
E01032577,423,25.1
E01002569,264,15
E01002570,304,18.1
E01002573,235,14.2
E01002574,284,18.5
E01002575,313,17.9
E01002562,449,32.6
E01002564,666,35.3
E01002566,997,47
E01002568,1143,41.4
E01033081,389,31.3
E01033082,320,26.2
E01002620,1274,68.8
E01002625,1426,84.8
E01002626,1251,76.9
E01002627,1241,74.7
E01002631,1347,82.7
E01002633,1014,61.7
E01002634,1153,67.3
E01002637,1451,87.5
E01002638,1381,75.8
E01002563,539,32.8
E01002565,731,25.8
E01002567,342,19.7
E01002684,754,31.8
E01002686,557,31.6
E01002571,210,15.8
E01002572,521,31.7
E01002577,341,20.9
E01002578,289,19.2
E01002689,385,24.3
E01002690,230,15.6
E01002576,442,25.3
E01002579,278,15.9
E01002580,301,21.7
E01002581,343,18.4
E01002582,209,12.5
E01002675,1235,50.3
E01002678,1102,59.4
E01002679,909,51
E01002680,1003,51.4
E01002619,1587,81
E01002622,1362,78.7
E01002632,1436,78.4
E01002635,1437,82
E01002636,1600,79.4
E01002618,1429,81.3
E01002621,1342,73.9
E01002623,1316,78.9
E01002628,1453,74.9
E01002629,1556,74.6
E01002630,1262,74.5
E01002639,1266,74.3
E01002640,1478,82.1
E01002674,1016,59.5
E01002676,1211,70.6
E01002583,1367,80.1
E01002584,1403,83
E01002585,1180,71.5
E01002586,1373,83.2
E01002589,1454,73.4
E01002668,628,31.2
E01002669,550,30.9
E01002681,901,43.7
E01002682,852,36.6
E01002683,864,33.6
E01002642,1515,75.6
E01002643,1291,56.4
E01002645,1277,62.2
E01002658,335,25.1
E01002677,618,39.5
E01002587,1437,75.8
E01002588,897,51.1
E01002660,1409,80.1
E01002661,1610,87.1
E01002665,1195,73.9
E01002624,1099,73
E01002646,1485,73.7
E01002662,1508,75.4
E01002663,1474,71.1
E01002664,1257,69.8
E01002641,1364,70.6
E01002648,1890,70.3
E01002649,1110,60.7
E01002657,810,43.2
E01033083,1415,85
E01033084,1114,64.7
E01002653,1247,68.8
E01002654,866,48.5
E01002655,918,48.7
E01002656,402,30.5
E01002659,567,40.6
E01002667,443,28.2
E01002670,482,27.7
E01002671,289,17.4
E01002672,800,50.7
E01002673,975,59.7
E01002647,1553,70.2
E01002650,1909,78.4
E01002651,1419,79.8
E01002652,1326,75.1
E01002666,1157,74.3
E01002555,909,47.4
E01002556,647,38.5
E01002590,608,33.1
E01002592,846,42.3
E01002595,711,37
E01002557,567,31.8
E01002558,668,34.3
E01002559,787,34.5
E01002560,509,29.7
E01002561,446,32.3
E01002591,493,28.5
E01002593,816,38.5
E01002594,1021,52.3
E01002611,562,31.5
E01002612,569,34.1
E01002613,643,36.5
E01002598,590,32.1
E01002599,480,29.9
E01002600,408,26.8
E01002603,720,37.4
E01033000,768,43
E01033030,1047,60.8
E01002604,683,39.4
E01002605,588,31.8
E01002606,559,34.1
E01002607,694,36.1
E01002615,592,40.3
E01002596,795,39.8
E01002601,499,30
E01002602,208,14.1
E01002614,526,30.1
E01002616,307,22.2
E01002608,548,31.9
E01002609,391,22.6
E01002610,477,30.5
E01002617,318,19.9
E01002687,314,18.4
E01002691,542,34
E01002692,514,28.8
E01002693,341,20.1
E01032573,332,20.6
E01003006,308,20.5
E01003007,282,18.6
E01003008,269,18.8
E01003009,354,18.7
E01003010,181,12.1
E01002952,503,32.6
E01002953,511,39.1
E01002955,538,39.1
E01002956,546,33.9
E01002959,542,37.8
E01002935,428,24.2
E01002938,306,15.8
E01002951,339,22.4
E01002954,461,35.8
E01002957,779,45.4
E01002933,372,18.6
E01002934,303,16.6
E01002937,270,15.6
E01003011,291,16.7
E01033568,564,38.6
E01033569,404,24.3
E01002964,536,24
E01002969,787,45
E01002971,330,19.3
E01002972,489,27
E01002974,543,28.7
E01002932,636,36.2
E01002960,668,41.1
E01002962,568,37.2
E01002970,454,28.8
E01002973,532,38.8
E01002929,387,23.7
E01002930,593,34.7
E01002931,640,34.6
E01002963,572,33
E01002985,934,56.2
E01002927,498,32
E01002928,538,33.5
E01002958,339,20.2
E01002961,564,32.2
E01002986,471,37
E01002965,596,25.6
E01002967,323,17.4
E01002968,821,31.2
E01002990,338,20.1
E01002991,289,17.9
E01002922,226,13.8
E01002926,249,16.2
E01002966,262,13.7
E01002992,427,24.4
E01002921,364,23.4
E01002987,404,23.7
E01002988,488,25.6
E01002989,283,15.5
E01002975,683,49.5
E01002977,539,32.2
E01002980,533,37.7
E01002981,710,46
E01002984,561,39.3
E01002923,398,25.4
E01002925,258,16
E01002993,269,17.7
E01002995,300,20.3
E01002999,340,23.5
E01002915,418,32.1
E01002916,409,27.7
E01002917,296,21.2
E01002920,298,18.6
E01002924,211,13.8
E01002976,318,19.2
E01002978,492,27.9
E01002979,339,21.9
E01002982,528,36.7
E01002983,510,31.4
E01002994,283,18.7
E01002996,224,14.8
E01002997,237,16.2
E01002998,332,21.7
E01003002,419,22.9
E01002918,603,34.3
E01002919,729,42.8
E01003000,467,30.1
E01003001,683,37.3
E01003003,484,31.1
E01002939,307,19.8
E01002941,183,12.3
E01002942,139,10.1
E01003004,392,24.8
E01003005,234,15.7
E01002944,249,18.3
E01002945,145,9.3
E01002946,150,10
E01002947,157,9.7
E01002940,255,16.1
E01002943,182,13
E01002948,382,18.2
E01002949,311,16.7
E01002950,184,11.5
E01003472,198,14.7
E01003473,288,21.3
E01003474,171,12.1
E01003475,726,28.9
E01003478,264,16.1
E01003460,165,11
E01003462,228,15.6
E01003464,346,24.8
E01003465,211,16.2
E01003400,313,21.1
E01003454,281,20.6
E01003456,334,21.6
E01003476,360,25.6
E01003477,273,17.8
E01003401,335,24.9
E01003402,416,26.8
E01003403,238,15.4
E01003404,357,21.3
E01003461,187,12.1
E01003367,976,40.6
E01003369,570,34.4
E01003370,719,36.3
E01003371,528,33.9
E01003455,384,24.3
E01003359,491,28.3
E01003360,344,20.4
E01003457,249,15.4
E01003458,323,20.2
E01003459,606,29
E01003394,1098,56.9
E01003395,946,64.3
E01003396,941,59.1
E01003397,903,58.2
E01003398,1090,62.6
E01003368,830,52.3
E01003372,671,43.8
E01003393,671,43.9
E01003406,813,49.5
E01003407,780,43.7
E01003355,341,21.6
E01003356,419,23.8
E01003358,451,24.7
E01003383,333,21.7
E01003384,294,19.3
E01003442,337,19.9
E01003443,152,9.7
E01003444,206,13.2
E01003445,381,22.2
E01003463,319,24.7
E01003380,286,17.4
E01003382,257,16.7
E01003385,284,18
E01003399,293,21.3
E01003423,248,16
E01003357,704,40.4
E01003376,698,44.9
E01003377,819,52.4
E01003408,558,30.1
E01003410,784,49.6
E01003386,1378,62.5
E01003388,794,55.2
E01003389,977,55.4
E01003392,759,58.4
E01003409,986,57.7
E01003387,840,52.4
E01003391,716,53.7
E01003411,855,49.5
E01003412,1000,60.2
E01003435,601,45.8
E01003361,512,31.1
E01003424,266,17.4
E01003425,366,25.4
E01003426,752,43
E01003428,280,19.2
E01003366,386,25.7
E01003381,224,15.4
E01003446,382,22.9
E01003447,466,30.2
E01003471,390,24.7
E01003413,1146,60.3
E01003414,1067,67.1
E01003415,1009,61.8
E01003416,756,50
E01003434,830,55.7
E01003373,771,52.6
E01003378,978,49.1
E01003379,950,51.5
E01003390,985,61.7
E01003405,891,52.3
E01003429,747,51.3
E01003430,935,64.8
E01003431,865,57.4
E01003432,877,56.4
E01003433,944,61.9
E01003466,383,24.1
E01003467,343,21.2
E01003468,325,19.1
E01003469,801,49.4
E01003470,716,40.8
E01003362,249,18.8
E01003363,412,25.2
E01003364,382,22.1
E01003365,407,28.9
E01003421,409,25.6
E01003374,634,44
E01003375,601,37.2
E01003437,730,38.9
E01003440,584,38
E01003441,860,46.3
E01003427,862,49
E01003436,531,33.9
E01003439,612,42.5
E01003448,624,36.7
E01003453,655,38.6
E01003438,557,32.9
E01003449,792,45
E01003450,509,31.6
E01003451,429,25.8
E01003452,631,31.8
E01003417,259,16.6
E01003418,284,19.3
E01003419,396,23.3
E01003420,311,22.5
E01003422,330,24
E01003744,254,19
E01003745,326,22.7
E01003746,231,15.5
E01003747,299,22.3
E01003748,314,20.3
E01003749,446,27.8
E01003750,333,19.9
E01003720,478,26.9
E01003722,502,28.3
E01003723,488,28
E01003726,526,34.5
E01003721,669,40.3
E01003724,446,32.3
E01003725,410,27.4
E01003727,342,21.4
E01003654,538,34.4
E01003655,346,22.9
E01003658,668,40.5
E01003660,302,17.6
E01003656,377,25.3
E01003657,487,23.3
E01003659,560,34.1
E01003698,387,27.9
E01003699,377,26.6
E01003700,894,39.9
E01003701,910,50.9
E01003702,461,28.5
E01003703,812,32.5
E01003704,572,34
E01003668,398,24.5
E01003669,300,19.6
E01003670,394,26.3
E01003671,350,22.8
E01003672,473,33.1
E01003673,470,26.4
E01003674,670,31.5
E01003707,716,53.6
E01003708,695,47.1
E01003709,758,46.6
E01003710,873,57.6
E01003759,434,29.7
E01003760,747,41.9
E01003761,1000,56.5
E01003762,392,24.2
E01003763,928,49.5
E01003764,549,28
E01003765,430,27.3
E01003705,975,44.5
E01003706,732,45.9
E01003711,843,46.5
E01003712,670,49.3
E01003646,1264,72.3
E01003648,625,43.5
E01003649,1022,62.6
E01003651,1019,69.3
E01003639,953,54.2
E01003640,967,54.6
E01003641,1182,69.4
E01003642,1069,63.1
E01003774,429,24.3
E01003775,728,41.9
E01003776,485,29.3
E01003777,445,25.1
E01003778,508,27.6
E01003779,349,22
E01003780,639,42.2
E01003647,1308,73.2
E01003650,820,54.2
E01003652,1004,64.8
E01003653,1038,70.6
E01003638,790,49
E01003643,1083,59.1
E01003644,1106,70.8
E01003645,1766,67.7
E01003789,434,30.1
E01003794,457,31
E01003795,338,28.7
E01003796,487,31.1
E01003661,1112,57.5
E01003662,1112,59.8
E01003663,823,45.2
E01003664,927,52.2
E01003665,914,55.5
E01003666,1329,60.5
E01033590,696,62.6
E01033592,1199,62.8
E01003751,1390,71.1
E01003753,1539,77.9
E01003754,1278,78.1
E01003757,1474,73.8
E01003769,1416,81.8
E01003770,1727,66.2
E01003771,1518,78.5
E01003773,1154,69
E01003752,1841,73.9
E01003755,1628,81.3
E01003756,1694,79.8
E01003758,2102,81.4
E01003766,1564,82.3
E01003767,1548,83
E01003768,1390,79.2
E01003772,1320,77.6
E01003781,1198,72.1
E01003782,1502,85.6
E01003786,966,68.1
E01003787,1192,77.6
E01003790,452,31.9
E01003791,392,26.3
E01003792,350,24.6
E01003793,557,35.8
E01003783,1724,77.1
E01003784,1445,82.1
E01003785,1478,77.6
E01003788,1455,78.6
E01003683,1761,82.1
E01003684,1455,81.7
E01003685,1585,87
E01003686,1718,88
E01003688,1587,88
E01003689,1344,85.1
E01033589,1440,85.9
E01033591,1465,76.8
E01003737,1292,72.1
E01003738,1500,71.2
E01003739,1593,75.1
E01003740,1551,75.5
E01003741,997,57.4
E01003742,1623,77.8
E01003743,1464,82.6
E01003728,2039,84.2
E01003729,1534,87.6
E01003730,1520,89.8
E01003732,1263,76.3
E01003733,1462,82.7
E01003731,1186,81.2
E01003734,1446,80.5
E01003735,1918,82
E01003736,1438,86.7
E01003713,1401,80.3
E01003714,1783,82.2
E01003715,1629,81.9
E01003716,1217,71.1
E01003718,1420,76.9
E01003719,1510,77.1
E01032581,872,52.8
E01003690,1089,63.6
E01003691,1167,81.4
E01003692,1158,72.7
E01003693,1207,78.3
E01003694,1139,77.9
E01003695,1203,78.5
E01003696,1371,73
E01003697,1302,79.9
E01003675,1208,74.6
E01003676,1326,78.5
E01003677,1054,68.1
E01003678,1124,70
E01003679,1096,67.6
E01003680,1129,69.7
E01003681,1147,62.2
E01003682,1318,77.7
E01003797,123,8.3
E01003798,155,10.3
E01003799,140,8.6
E01003800,243,15.4
E01003801,219,16.6
E01003802,275,20.7
E01003803,316,21.4
E01003846,203,11.7
E01003847,221,14
E01003849,165,10.8
E01003851,143,8.5
E01003860,207,12.2
E01003864,237,16.2
E01003852,166,12.5
E01003853,188,12.2
E01003854,159,11.3
E01003855,279,16.5
E01003856,190,12.1
E01003857,203,11.6
E01003858,91,5.6
E01003848,254,14
E01003861,266,15.2
E01003862,293,21.1
E01003863,225,15.8
E01003865,239,18.2
E01033570,523,33.7
E01033571,240,15.6
E01003804,238,13.5
E01003807,173,9.6
E01003808,157,8.8
E01003809,131,7.6
E01003859,201,12.4
E01003873,215,13
E01003874,172,11.2
E01003875,280,17.4
E01003878,218,15.6
E01003866,123,7.8
E01003868,130,8.6
E01003871,217,13.2
E01003872,153,10.5
E01003821,230,15.2
E01003876,182,11.4
E01003877,135,9.1
E01003879,219,14.1
E01003892,247,12.3
E01003893,134,8.3
E01003894,162,9.9
E01003895,150,8.7
E01003905,289,20.1
E01003906,282,17.4
E01003907,503,29.9
E01003908,465,25.6
E01003909,320,20.4
E01003867,321,21.5
E01003869,218,13.5
E01003870,214,11.4
E01003910,238,14.6
E01003805,145,8.7
E01003806,117,7.3
E01003816,205,12
E01003817,325,17
E01003840,754,47.6
E01003841,763,39.5
E01003842,275,16.4
E01003843,699,34.2
E01003844,270,18.6
E01003845,378,23.2
E01003882,185,10.3
E01003883,139,7.8
E01003896,166,10.1
E01003897,214,12.2
E01003898,122,8.2
E01003899,190,13.8
E01003900,309,19.8
E01003901,205,12.5
E01003902,267,20.6
E01003903,359,22.1
E01003904,232,15.1
E01003880,149,10.1
E01003881,192,10.5
E01003884,150,9.4
E01003885,151,10
E01003818,314,20.1
E01003819,274,16.4
E01003820,291,14.9
E01003811,91,5.9
E01003812,218,11.9
E01003890,133,8.8
E01003891,123,7.2
E01003810,132,8.2
E01003813,119,7.3
E01003814,166,9.7
E01003815,276,15.4
E01003828,146,9.6
E01003829,321,19.2
E01003830,292,16.6
E01003831,292,18
E01003832,267,18.7
E01003833,211,15.2
E01003886,170,10
E01003887,109,6.3
E01003888,269,14.1
E01003889,114,6.4
E01003834,220,12.8
E01003835,112,7.3
E01003836,169,11.2
E01003837,195,10.8
E01003838,210,11.8
E01003839,261,13.9
E01003822,171,11.8
E01003823,209,12.8
E01003824,175,10.5
E01003825,178,10.1
E01003826,228,12.9
E01003827,168,9.8
E01004125,331,20.9
E01004183,416,25
E01004184,375,23.6
E01004185,447,30.8
E01004189,490,26.1
E01004123,722,34
E01004124,436,23.9
E01004126,321,21.3
E01004128,393,26.4
E01004129,505,28.5
E01004130,354,22.2
E01004131,328,20.1
E01004134,379,26.4
E01004135,284,19.6
E01004136,382,24.6
E01004164,162,11
E01004166,232,16
E01004169,251,22.1
E01004186,452,26.2
E01004188,426,24.9
E01004127,343,20.9
E01004163,239,15.5
E01004165,303,18.2
E01004167,329,25
E01004187,281,17.5
E01004117,159,10.9
E01004121,328,20.9
E01004192,395,20.5
E01004193,485,20.8
E01004195,398,25.2
E01004144,390,24
E01004145,494,23.2
E01004146,374,21.9
E01004147,289,18.2
E01004116,216,13.4
E01004122,220,16
E01004190,216,15.8
E01004191,314,19
E01004194,205,15.1
E01004196,318,22
E01004115,363,20.7
E01004118,344,20.5
E01004119,177,12.5
E01004132,243,15.8
E01004133,273,18.1
E01004171,369,24.3
E01004172,382,24.7
E01004173,231,16.7
E01004175,239,14.8
E01004176,227,16
E01004076,425,28.6
E01004077,368,23.6
E01004078,287,17.7
E01004079,253,18.1
E01004080,358,26.9
E01004081,339,22.5
E01004082,394,28
E01004137,336,22.1
E01004140,512,33.9
E01004141,384,24.7
E01004142,533,26.2
E01004149,310,18.1
E01004101,171,12.6
E01004103,303,19.2
E01004138,311,20
E01004139,283,20.7
E01004168,204,12.9
E01004143,286,19.7
E01004148,413,25.9
E01004159,288,18.8
E01004160,352,22.3
E01004161,248,17.2
E01004097,241,14.4
E01004098,162,12.9
E01004099,177,12.3
E01004100,178,13.1
E01004102,141,10.3
E01004110,382,20.9
E01004111,287,19
E01004112,225,13.8
E01004120,186,12.1
E01004157,242,19
E01004087,401,27.4
E01004170,355,20.6
E01004174,285,19.7
E01004178,498,25.2
E01004179,313,20
E01004152,403,25.8
E01004155,377,23.2
E01004156,501,29.7
E01004158,336,22.7
E01004162,453,29.2
E01004083,380,26.8
E01004086,602,37.2
E01004088,421,23.2
E01004089,376,29.1
E01004182,326,21.1
E01004104,187,12.2
E01004107,286,18.7
E01004177,370,21.1
E01004180,298,17.4
E01004181,367,22.3
E01004090,353,29.6
E01004096,359,25.2
E01004150,389,24.9
E01004151,383,22.4
E01004153,551,32.3
E01004091,169,13.2
E01004092,351,24.4
E01004105,302,16.6
E01004106,229,15
E01004154,242,16.9
E01004084,409,28
E01004085,485,30.4
E01004108,343,20
E01004109,272,17
E01004093,399,26.2
E01004094,282,16.8
E01004095,315,20.8
E01004114,402,23.2
E01032623,518,28.4
E01004349,344,23.9
E01004350,311,17.7
E01004351,229,14.3
E01004356,418,25.6
E01004357,442,28.4
E01004352,190,9.9
E01004353,185,10.2
E01004354,255,14.4
E01004358,290,17.6
E01004359,305,18.2
E01004384,595,32.6
E01004385,391,28.3
E01004386,261,15.7
E01004389,331,20.5
E01004390,352,22.1
E01004355,411,25.7
E01004360,271,20.4
E01004413,428,27.4
E01004415,453,29.1
E01004416,432,25.5
E01004361,268,20.7
E01004414,398,24.8
E01004417,539,32.4
E01004451,510,29.5
E01004452,487,29.9
E01004450,451,27.3
E01004453,686,42.2
E01004454,650,37.9
E01004455,762,49.6
E01004456,843,54.1
E01004379,346,24.2
E01004380,353,23.4
E01004381,507,27.9
E01004383,410,25.1
E01004387,226,15.1
E01004388,303,20.5
E01004343,656,36.6
E01004344,1100,59.8
E01004382,638,47.3
E01004418,597,36.1
E01004419,685,43
E01004398,1024,52.1
E01004399,1024,59.1
E01004400,847,49.2
E01004402,988,54.8
E01004403,876,48.2
E01004345,1044,54.2
E01004348,1371,51
E01004377,727,40.8
E01004378,776,42.3
E01004342,1173,54.7
E01004346,690,40.3
E01004347,795,40.1
E01004460,1023,52.3
E01004462,1107,61.7
E01004396,919,49.6
E01004457,987,52.1
E01004458,1002,53.8
E01004459,979,59.9
E01004463,654,32.7
E01004407,1115,68.3
E01004410,819,43.2
E01004464,931,59
E01004469,985,60.1
E01004470,768,50.4
E01004471,896,52
E01004391,761,41.2
E01004393,1245,52.1
E01004401,977,46.5
E01004404,1110,54.2
E01004461,1117,52.6
E01004412,658,37.8
E01004465,701,46.7
E01004466,590,36.4
E01004467,1194,55.4
E01004468,673,41.5
E01004406,992,53.4
E01004408,776,44.4
E01004409,716,43.1
E01004411,926,53.8
E01004443,1261,68.8
E01004447,1097,58.5
E01004392,1223,53.6
E01004394,984,54
E01004397,1334,57.6
E01004444,1395,55
E01004446,999,52.2
E01004395,701,43.5
E01004421,1643,76.5
E01004445,991,56.9
E01004448,939,49.5
E01004449,1249,68
E01004363,874,55.8
E01004364,1156,66.5
E01004366,998,52.8
E01004367,1046,63.9
E01004368,1049,55.9
E01004365,1668,72.9
E01004405,942,57
E01004420,1478,69.3
E01004423,1230,64.6
E01033153,1878,71.8
E01004362,615,38.1
E01004436,849,49.6
E01004437,881,46.7
E01004439,883,52.6
E01004442,751,42.8
E01004422,948,57
E01004424,1294,70.6
E01004425,1172,56.1
E01004426,1174,65.7
E01004427,1208,57.2
E01004369,902,51.1
E01004370,919,51.5
E01004372,797,43.5
E01004432,1058,60.3
E01004435,1193,58.7
E01004333,1040,58.8
E01004334,929,61.6
E01004438,993,48.1
E01004440,1099,50.8
E01004441,672,41.5
E01004371,854,50.1
E01004373,1020,57.3
E01004374,1022,54.1
E01004375,1004,54.1
E01004376,1245,62.4
E01004336,1158,68.2
E01004428,1144,64.9
E01004429,1076,60.7
E01004430,1296,58.9
E01004434,1363,66.7
E01004335,1309,71
E01004337,1114,56.7
E01004338,993,56
E01004339,975,53.7
E01004340,1107,59.9
E01004341,1096,62.4
E01004327,691,57
E01004328,957,52
E01004329,1151,59.6
E01004330,905,49.3
E01004331,1142,61.5
E01004332,1051,56.8