Row_Labels,Burglary,Total_crime
E01000006,18,98
E01000007,13,372
E01000008,13,162
E01000009,22,322
E01000010,49,1077
E01000011,11,113
E01000012,15,162
E01000013,23,295
E01000014,19,109
E01000015,21,172
E01000016,16,139
E01000017,21,103
E01000018,23,121
E01000019,20,95
E01000020,20,186
E01000021,37,189
E01000022,23,101
E01000023,16,159
E01000024,14,78
E01000025,17,98
E01000027,28,146
E01000028,18,114
E01000029,36,102
E01000030,39,287
E01000031,31,128
E01000032,24,202
E01000033,13,101
E01000034,18,104
E01000035,36,230
E01000036,15,107
E01000037,17,106
E01000038,21,68
E01000039,13,63
E01000040,13,140
E01000041,10,78
E01000042,25,161
E01000043,18,108
E01000044,15,119
E01000045,25,235
E01000046,21,105
E01000048,14,123
E01000049,26,221
E01000050,17,160
E01000051,12,114
E01000052,24,181
E01000053,15,176
E01000054,17,93
E01000055,9,110
E01000056,14,182
E01000057,13,123
E01000058,9,103
E01000059,23,122
E01000060,35,270
E01000061,11,228
E01000062,32,117
E01000063,22,111
E01000064,43,189
E01000065,25,135
E01000066,27,129
E01000067,21,105
E01000068,25,146
E01000069,22,91
E01000070,33,218
E01000071,21,148
E01000072,12,179
E01000073,18,80
E01000074,13,66
E01000075,26,199
E01000076,13,109
E01000077,15,179
E01000078,15,135
E01000079,6,92
E01000080,14,125
E01000081,16,101
E01000082,28,166
E01000083,9,91
E01000084,10,143
E01000085,16,150
E01000086,10,103
E01000087,18,150
E01000088,17,155
E01000089,8,68
E01000090,29,182
E01000091,16,125
E01000092,53,301
E01000093,29,162
E01000094,10,94
E01000095,41,504
E01000096,32,210
E01000097,35,130
E01000098,27,137
E01000099,31,155
E01000100,15,97
E01000101,22,114
E01000102,20,100
E01000103,18,116
E01000104,25,200
E01000105,21,246
E01000106,46,234
E01000107,16,54
E01000108,15,110
E01000109,15,124
E01000110,18,73
E01000111,30,138
E01000112,26,154
E01000113,36,159
E01000114,31,216
E01000115,21,69
E01000116,32,97
E01000117,26,100
E01000118,23,82
E01000119,27,80
E01000120,14,74
E01000121,10,49
E01000122,22,66
E01000123,31,81
E01000124,22,217
E01000125,15,216
E01000126,11,92
E01000127,5,72
E01000128,17,96
E01000129,19,260
E01000130,8,75
E01000131,11,80
E01000132,11,82
E01000133,6,81
E01000134,8,43
E01000135,39,101
E01000136,31,103
E01000137,14,75
E01000138,47,113
E01000139,37,146
E01000140,32,97
E01000141,54,521
E01000142,47,126
E01000143,33,163
E01000144,28,161
E01000145,28,71
E01000146,35,345
E01000147,16,51
E01000148,14,124
E01000150,16,217
E01000151,13,154
E01000152,10,103
E01000153,17,99
E01000154,17,72
E01000155,20,94
E01000156,35,128
E01000157,14,60
E01000158,34,113
E01000159,43,133
E01000160,34,173
E01000161,27,120
E01000162,24,106
E01000163,16,92
E01000164,31,315
E01000165,10,47
E01000166,22,64
E01000167,12,62
E01000168,34,78
E01000169,19,72
E01000170,22,110
E01000171,23,197
E01000172,15,69
E01000173,17,60
E01000174,18,121
E01000175,20,73
E01000176,14,75
E01000177,20,96
E01000178,20,105
E01000179,15,82
E01000180,16,62
E01000181,23,139
E01000182,25,136
E01000183,15,66
E01000184,7,142
E01000185,10,94
E01000186,8,46
E01000187,13,67
E01000188,26,125
E01000189,23,162
E01000190,19,57
E01000191,10,44
E01000192,25,231
E01000193,28,392
E01000194,34,165
E01000195,13,169
E01000196,19,147
E01000197,21,83
E01000198,27,89
E01000199,24,77
E01000200,18,64
E01000201,36,111
E01000202,10,43
E01000203,21,106
E01000204,20,83
E01000205,28,109
E01000206,34,215
E01000207,22,117
E01000208,28,97
E01000209,30,99
E01000210,18,94
E01000211,42,250
E01000212,30,78
E01000213,21,86
E01000214,18,107
E01000215,30,112
E01000216,32,74
E01000217,20,57
E01000218,25,90
E01000219,21,84
E01000220,26,98
E01000221,31,400
E01000222,58,111
E01000223,39,220
E01000224,41,77
E01000225,25,53
E01000226,14,78
E01000227,34,74
E01000228,28,89
E01000229,20,67
E01000230,18,52
E01000231,20,159
E01000232,24,90
E01000233,27,110
E01000234,10,62
E01000235,13,110
E01000236,29,90
E01000237,29,177
E01000238,20,80
E01000239,21,130
E01000240,37,113
E01000241,24,104
E01000242,22,98
E01000243,36,165
E01000244,20,125
E01000245,27,212
E01000246,21,64
E01000247,31,113
E01000248,21,154
E01000249,27,83
E01000250,31,326
E01000251,32,136
E01000252,10,103
E01000253,33,126
E01000254,25,87
E01000255,21,97
E01000256,35,91
E01000257,24,209
E01000258,26,157
E01000259,44,180
E01000260,46,253
E01000261,21,73
E01000262,20,94
E01000263,15,41
E01000264,39,234
E01000265,19,89
E01000266,19,59
E01000267,20,51
E01000268,27,185
E01000269,16,76
E01000270,20,59
E01000271,26,83
E01000272,25,55
E01000273,36,108
E01000274,30,140
E01000275,14,41
E01000276,20,40
E01000277,18,55
E01000278,28,53
E01000279,25,81
E01000280,16,36
E01000281,20,213
E01000282,26,69
E01000283,20,44
E01000284,14,85
E01000285,11,39
E01000286,14,56
E01000287,24,83
E01000288,25,86
E01000289,37,174
E01000290,26,75
E01000291,29,125
E01000292,21,127
E01000293,22,105
E01000294,18,139
E01000295,19,65
E01000296,23,157
E01000297,10,64
E01000298,26,159
E01000299,19,285
E01000300,15,52
E01000301,19,56
E01000302,24,115
E01000303,32,66
E01000304,17,50
E01000305,31,162
E01000306,11,77
E01000307,24,615
E01000308,12,105
E01000309,18,82
E01000310,46,224
E01000311,39,97
E01000312,9,89
E01000313,20,138
E01000314,20,208
E01000315,26,132
E01000316,26,444
E01000317,21,77
E01000318,25,98
E01000319,18,82
E01000320,12,64
E01000321,26,138
E01000322,36,141
E01000323,35,260
E01000324,28,97
E01000325,10,44
E01000326,12,60
E01000327,6,26
E01000328,9,53
E01000329,2,62
E01000330,9,86
E01000331,12,68
E01000332,8,89
E01000333,6,133
E01000334,5,34
E01000335,30,198
E01000336,16,150
E01000337,7,87
E01000338,6,82
E01000339,8,41
E01000340,9,59
E01000341,3,25
E01000342,5,31
E01000343,5,63
E01000344,6,51
E01000345,2,15
E01000346,14,40
E01000347,7,47
E01000348,8,18
E01000349,10,44
E01000350,9,45
E01000351,8,34
E01000352,7,135
E01000353,4,22
E01000354,1,41
E01000355,8,52
E01000356,3,58
E01000357,8,29
E01000358,5,68
E01000359,5,41
E01000360,19,483
E01000361,3,35
E01000362,7,431
E01000363,6,37
E01000364,15,41
E01000365,3,74
E01000366,4,52
E01000367,6,91
E01000368,4,62
E01000369,7,33
E01000370,7,43
E01000371,7,43
E01000372,5,74
E01000373,12,95
E01000374,8,92
E01000375,1,61
E01000376,12,70
E01000377,8,44
E01000378,28,237
E01000379,2,42
E01000380,10,75
E01000381,14,68
E01000382,6,24
E01000383,13,52
E01000384,9,42
E01000385,18,132
E01000386,17,144
E01000387,6,30
E01000388,4,62
E01000389,6,120
E01000390,21,63
E01000391,6,42
E01000392,4,200
E01000393,9,72
E01000394,6,54
E01000395,10,66
E01000396,6,34
E01000398,7,35
E01000399,7,72
E01000400,13,55
E01000401,11,100
E01000402,22,68
E01000403,20,314
E01000404,22,152
E01000405,15,71
E01000406,10,92
E01000407,7,56
E01000408,23,147
E01000409,7,24
E01000410,7,60
E01000411,5,34
E01000412,13,62
E01000413,11,69
E01000414,15,175
E01000415,5,23
E01000416,17,221
E01000417,14,109
E01000418,14,74
E01000419,3,32
E01000420,5,38
E01000421,3,22
E01000422,28,121
E01000423,1,18
E01000424,8,62
E01000425,6,30
E01000426,11,53
E01000427,11,77
E01000428,20,171
E01000429,39,205
E01000430,14,83
E01000431,20,163
E01000432,22,127
E01000433,17,183
E01000434,5,78
E01000435,13,97
E01000436,8,30
E01000437,10,45
E01000438,10,38
E01000439,13,132
E01000440,2,26
E01000441,10,100
E01000442,11,50
E01000443,10,42
E01000444,12,36
E01000445,11,47
E01000446,10,28
E01000447,18,204
E01000448,6,26
E01000449,8,41
E01000450,5,59
E01000451,6,40
E01000452,5,31
E01000453,8,55
E01000454,5,51
E01000455,5,49
E01000456,9,24
E01000457,19,199
E01000458,8,28
E01000459,13,96
E01000460,9,31
E01000461,7,28
E01000462,19,138
E01000463,12,30
E01000464,3,88
E01000465,10,74
E01000466,12,157
E01000467,12,111
E01000468,38,146
E01000469,24,103
E01000470,26,160
E01000471,10,57
E01000472,16,226
E01000473,19,240
E01000474,10,71
E01000475,33,212
E01000476,9,109
E01000477,43,213
E01000478,8,119
E01000479,28,87
E01000480,31,97
E01000481,19,90
E01000482,29,437
E01000483,10,213
E01000484,4,58
E01000485,11,43
E01000486,21,56
E01000487,23,99
E01000488,24,75
E01000489,24,138
E01000490,37,212
E01000491,33,139
E01000492,18,60
E01000493,34,88
E01000494,25,105
E01000495,29,198
E01000497,18,260
E01000498,13,86
E01000499,32,214
E01000501,22,144
E01000502,15,113
E01000503,29,131
E01000504,16,130
E01000505,17,88
E01000506,19,248
E01000507,14,91
E01000508,25,322
E01000509,19,108
E01000510,29,289
E01000511,19,105
E01000512,26,132
E01000513,17,97
E01000514,24,73
E01000515,16,165
E01000516,24,201
E01000517,13,116
E01000518,23,87
E01000519,17,104
E01000520,15,109
E01000521,31,418
E01000522,19,159
E01000523,26,298
E01000524,45,518
E01000525,21,167
E01000526,62,340
E01000527,17,149
E01000528,23,153
E01000530,23,108
E01000531,24,144
E01000532,18,174
E01000533,36,343
E01000534,36,110
E01000535,25,166
E01000536,16,135
E01000538,18,72
E01000539,13,55
E01000540,14,43
E01000541,18,113
E01000543,18,150
E01000544,9,139
E01000545,28,339
E01000546,16,101
E01000547,9,80
E01000548,33,448
E01000549,25,93
E01000550,17,193
E01000551,16,228
E01000552,9,228
E01000553,17,190
E01000554,10,127
E01000555,22,82
E01000556,24,248
E01000557,10,103
E01000558,42,170
E01000559,21,125
E01000560,23,120
E01000561,25,152
E01000562,27,81
E01000563,23,100
E01000564,21,98
E01000565,24,137
E01000566,15,74
E01000567,15,82
E01000568,15,222
E01000569,19,76
E01000570,22,112
E01000571,25,159
E01000572,10,70
E01000573,17,68
E01000574,15,56
E01000575,42,182
E01000576,26,117
E01000577,18,192
E01000578,25,150
E01000579,15,120
E01000580,35,202
E01000581,25,130
E01000582,37,118
E01000583,23,310
E01000584,12,72
E01000585,14,69
E01000586,33,432
E01000587,13,166
E01000588,17,216
E01000589,27,184
E01000590,22,87
E01000591,22,194
E01000592,29,128
E01000593,8,62
E01000594,26,192
E01000595,12,151
E01000596,28,159
E01000599,6,129
E01000600,37,561
E01000601,43,502
E01000602,43,154
E01000603,21,92
E01000604,30,142
E01000605,21,132
E01000606,11,62
E01000607,37,144
E01000608,26,341
E01000609,29,139
E01000610,19,100
E01000611,15,100
E01000612,19,93
E01000613,7,82
E01000615,29,309
E01000616,21,105
E01000617,22,134
E01000618,10,83
E01000619,14,81
E01000620,18,94
E01000621,17,133
E01000622,16,95
E01000623,25,98
E01000624,35,97
E01000625,18,100
E01000626,11,128
E01000627,26,187
E01000628,41,219
E01000629,21,109
E01000630,12,252
E01000631,17,234
E01000632,12,162
E01000633,21,275
E01000634,15,177
E01000635,38,725
E01000636,18,210
E01000637,5,106
E01000638,19,180
E01000639,23,89
E01000640,24,290
E01000641,11,125
E01000642,45,372
E01000643,32,384
E01000644,19,197
E01000645,12,52
E01000646,9,142
E01000647,8,27
E01000648,10,111
E01000649,15,64
E01000650,21,66
E01000651,13,48
E01000652,16,76
E01000653,17,56
E01000654,7,40
E01000655,5,36
E01000656,13,67
E01000657,20,167
E01000658,14,49
E01000659,6,42
E01000661,23,148
E01000662,16,76
E01000663,6,56
E01000664,9,77
E01000665,10,119
E01000666,13,110
E01000667,11,48
E01000668,12,141
E01000669,7,54
E01000670,12,81
E01000671,15,97
E01000672,17,121
E01000673,17,78
E01000674,15,88
E01000675,30,660
E01000676,52,930
E01000677,15,352
E01000678,13,70
E01000679,12,71
E01000680,47,113
E01000681,5,27
E01000682,11,54
E01000683,2,25
E01000684,7,63
E01000685,21,97
E01000686,11,53
E01000687,8,71
E01000688,13,41
E01000689,18,164
E01000690,16,48
E01000691,14,56
E01000692,24,158
E01000693,20,248
E01000694,15,49
E01000695,13,49
E01000696,10,101
E01000697,11,76
E01000698,15,55
E01000699,19,134
E01000700,10,45
E01000701,20,52
E01000702,7,37
E01000703,22,99
E01000704,18,82
E01000705,17,81
E01000706,18,85
E01000707,15,56
E01000708,19,77
E01000709,13,102
E01000710,16,102
E01000711,19,112
E01000712,20,75
E01000713,9,44
E01000714,36,399
E01000715,9,47
E01000716,16,67
E01000717,11,53
E01000718,26,135
E01000719,50,297
E01000720,43,239
E01000721,9,158
E01000722,34,207
E01000723,8,33
E01000724,23,158
E01000725,31,143
E01000726,10,48
E01000727,25,150
E01000728,24,225
E01000729,31,217
E01000730,22,174
E01000731,14,97
E01000732,10,41
E01000733,22,108
E01000734,26,56
E01000735,12,140
E01000736,13,97
E01000737,20,128
E01000738,31,260
E01000739,16,135
E01000740,22,307
E01000741,24,156
E01000742,35,161
E01000743,29,172
E01000744,22,134
E01000745,26,172
E01000746,20,182
E01000747,30,129
E01000748,34,85
E01000749,22,100
E01000750,8,46
E01000751,7,107
E01000752,9,96
E01000753,15,34
E01000754,9,57
E01000755,7,32
E01000756,10,157
E01000757,7,28
E01000758,12,36
E01000759,14,63
E01000760,17,117
E01000761,9,33
E01000762,8,27
E01000763,9,40
E01000764,9,48
E01000765,11,137
E01000766,12,35
E01000767,8,44
E01000768,12,38
E01000769,9,285
E01000770,10,71
E01000771,15,123
E01000772,5,30
E01000773,9,47
E01000774,19,95
E01000775,13,132
E01000777,16,74
E01000778,14,78
E01000779,21,344
E01000780,10,104
E01000781,14,114
E01000782,29,143
E01000783,22,105
E01000784,11,72
E01000785,12,94
E01000786,16,136
E01000787,20,93
E01000788,7,73
E01000789,21,113
E01000790,37,455
E01000791,9,55
E01000792,12,98
E01000793,11,38
E01000794,9,43
E01000795,9,52
E01000796,16,139
E01000797,29,201
E01000798,16,163
E01000799,40,360
E01000800,25,152
E01000801,18,84
E01000802,21,117
E01000803,23,101
E01000804,23,118
E01000805,20,99
E01000806,29,172
E01000807,23,123
E01000808,11,47
E01000809,7,31
E01000810,12,39
E01000811,7,36
E01000812,11,72
E01000813,18,89
E01000814,9,42
E01000815,17,64
E01000816,16,65
E01000818,17,45
E01000819,19,182
E01000820,19,98
E01000822,8,49
E01000823,10,61
E01000824,9,89
E01000825,16,75
E01000826,6,36
E01000827,5,53
E01000828,6,33
E01000829,13,50
E01000830,13,44
E01000831,12,31
E01000832,10,66
E01000833,8,21
E01000834,8,40
E01000835,28,186
E01000836,11,30
E01000837,10,50
E01000838,20,55
E01000839,4,27
E01000840,15,56
E01000841,14,69
E01000842,19,84
E01000843,17,125
E01000844,12,81
E01000845,35,153
E01000846,9,85
E01000847,10,113
E01000848,9,79
E01000849,16,85
E01000850,64,931
E01000851,80,442
E01000852,20,397
E01000853,18,327
E01000854,65,1204
E01000855,113,1198
E01000856,20,523
E01000857,9,66
E01000858,24,1115
E01000859,32,168
E01000860,18,67
E01000861,26,440
E01000862,26,353
E01000863,50,2460
E01000864,15,183
E01000865,25,278
E01000866,22,214
E01000867,16,144
E01000868,11,71
E01000869,33,185
E01000870,16,169
E01000871,43,155
E01000872,61,205
E01000873,32,98
E01000874,19,53
E01000875,33,149
E01000876,21,104
E01000877,22,81
E01000878,34,120
E01000879,17,80
E01000880,21,87
E01000881,27,98
E01000882,18,79
E01000883,30,161
E01000884,23,104
E01000885,17,72
E01000886,15,112
E01000887,24,134
E01000888,19,107
E01000889,15,96
E01000890,21,96
E01000891,18,175
E01000892,46,128
E01000893,31,98
E01000894,37,157
E01000895,35,285
E01000896,21,135
E01000897,23,92
E01000898,25,325
E01000899,45,200
E01000900,12,137
E01000901,19,175
E01000902,15,105
E01000903,15,99
E01000904,40,597
E01000905,12,187
E01000906,22,118
E01000907,19,95
E01000908,10,81
E01000909,24,101
E01000910,27,119
E01000911,14,90
E01000912,19,194
E01000913,48,265
E01000914,119,1514
E01000915,20,210
E01000916,81,462
E01000917,13,179
E01000918,89,1664
E01000919,85,1522
E01000920,33,282
E01000921,21,351
E01000922,19,279
E01000923,17,103
E01000924,20,138
E01000925,11,110
E01000926,24,117
E01000927,11,256
E01000928,23,255
E01000929,20,106
E01000930,21,500
E01000931,52,502
E01000932,30,110
E01000933,21,206
E01000934,13,104
E01000935,11,94
E01000936,5,138
E01000937,7,108
E01000938,20,279
E01000939,28,380
E01000940,4,86
E01000941,5,102
E01000942,21,428
E01000943,25,204
E01000944,2,59
E01000945,33,393
E01000946,13,258
E01000947,40,928
E01000948,25,209
E01000949,4,61
E01000950,6,116
E01000951,3,82
E01000952,18,107
E01000953,11,265
E01000954,6,108
E01000955,13,111
E01000956,29,466
E01000957,26,113
E01000958,13,270
E01000959,10,123
E01000960,36,249
E01000961,23,142
E01000962,12,64
E01000963,27,256
E01000964,33,107
E01000965,33,113
E01000966,29,84
E01000967,13,56
E01000968,16,83
E01000969,34,171
E01000970,17,73
E01000971,16,45
E01000972,18,283
E01000973,42,224
E01000974,32,163
E01000975,18,106
E01000976,18,160
E01000977,25,114
E01000978,19,92
E01000979,17,128
E01000980,9,77
E01000981,22,106
E01000982,11,77
E01000983,18,91
E01000984,15,109
E01000985,29,71
E01000986,35,123
E01000987,15,75
E01000989,13,54
E01000990,11,106
E01000991,15,63
E01000992,7,130
E01000993,23,132
E01000994,21,87
E01000995,29,166
E01000996,6,61
E01000997,13,113
E01000998,23,155
E01000999,22,66
E01001000,16,136
E01001001,16,107
E01001002,15,74
E01001003,23,101
E01001004,19,106
E01001005,31,197
E01001006,14,216
E01001007,19,101
E01001008,25,144
E01001009,16,96
E01001010,54,553
E01001011,33,313
E01001012,31,207
E01001013,46,564
E01001014,79,1247
E01001015,7,57
E01001016,7,84
E01001017,8,42
E01001018,9,54
E01001019,10,48
E01001020,9,83
E01001021,12,73
E01001022,7,41
E01001023,23,170
E01001024,10,45
E01001025,5,34
E01001026,6,37
E01001027,17,69
E01001028,13,49
E01001029,18,106
E01001030,9,50
E01001031,7,42
E01001032,18,45
E01001033,17,140
E01001034,21,96
E01001035,19,83
E01001036,57,145
E01001037,25,222
E01001038,22,121
E01001039,17,48
E01001040,18,124
E01001041,28,155
E01001042,66,507
E01001043,99,1702
E01001044,29,76
E01001045,52,709
E01001046,18,52
E01001047,34,148
E01001048,49,734
E01001049,35,98
E01001050,15,71
E01001051,16,141
E01001052,17,94
E01001053,7,75
E01001054,9,110
E01001055,8,83
E01001056,10,108
E01001057,16,129
E01001058,10,65
E01001059,13,55
E01001060,21,102
E01001061,17,106
E01001062,23,168
E01001063,15,84
E01001064,36,242
E01001065,20,132
E01001066,11,59
E01001067,17,51
E01001068,13,77
E01001069,6,28
E01001070,15,81
E01001071,8,84
E01001072,12,40
E01001073,12,58
E01001074,21,78
E01001075,9,71
E01001076,30,288
E01001077,2,45
E01001078,9,143
E01001079,8,89
E01001080,14,140
E01001081,8,86
E01001082,14,97
E01001083,21,68
E01001084,34,121
E01001085,28,120
E01001086,16,68
E01001087,36,220
E01001088,24,79
E01001089,34,169
E01001090,17,135
E01001091,32,106
E01001092,26,123
E01001093,23,108
E01001094,18,77
E01001095,26,199
E01001096,14,55
E01001097,37,437
E01001098,12,60
E01001099,13,58
E01001100,8,52
E01001101,10,36
E01001102,21,81
E01001103,9,70
E01001104,11,51
E01001105,10,54
E01001106,17,79
E01001107,6,57
E01001108,14,46
E01001109,58,210
E01001110,38,175
E01001111,18,201
E01001112,19,132
E01001113,31,183
E01001114,37,198
E01001115,25,215
E01001116,49,185
E01001117,46,363
E01001118,32,222
E01001119,4,24
E01001120,6,46
E01001121,7,51
E01001122,35,79
E01001123,13,33
E01001124,10,29
E01001125,23,136
E01001126,12,38
E01001127,14,55
E01001128,5,46
E01001129,13,34
E01001130,14,79
E01001131,3,45
E01001132,14,71
E01001133,11,51
E01001134,8,60
E01001135,24,92
E01001136,24,279
E01001137,28,155
E01001138,21,103
E01001139,15,91
E01001140,20,107
E01001141,18,81
E01001142,37,176
E01001143,25,121
E01001144,22,129
E01001145,30,255
E01001146,17,86
E01001147,19,138
E01001148,13,84
E01001149,12,70
E01001150,26,97
E01001151,27,150
E01001152,18,163
E01001153,12,93
E01001154,23,219
E01001155,27,288
E01001156,20,90
E01001157,33,122
E01001158,30,129
E01001159,31,131
E01001160,25,116
E01001161,23,145
E01001162,30,106
E01001163,32,113
E01001164,44,278
E01001165,28,120
E01001166,35,186
E01001167,28,167
E01001168,22,102
E01001169,23,100
E01001170,24,167
E01001171,30,117
E01001172,34,246
E01001173,19,167
E01001174,30,118
E01001175,22,122
E01001176,24,171
E01001177,18,250
E01001178,44,341
E01001179,22,93
E01001180,29,135
E01001181,52,227
E01001182,15,86
E01001183,29,238
E01001184,17,65
E01001185,14,133
E01001186,19,115
E01001187,19,107
E01001188,8,128
E01001189,9,63
E01001190,24,118
E01001191,31,208
E01001192,14,146
E01001193,7,91
E01001194,7,99
E01001195,33,105
E01001196,26,174
E01001197,10,88
E01001198,10,78
E01001199,21,94
E01001200,23,164
E01001201,10,68
E01001202,26,532
E01001203,17,174
E01001204,17,53
E01001205,17,81
E01001206,17,118
E01001207,13,86
E01001208,12,57
E01001209,33,95
E01001210,13,139
E01001211,7,50
E01001212,12,66
E01001213,11,152
E01001214,21,112
E01001215,13,224
E01001216,6,110
E01001217,22,84
E01001218,11,151
E01001219,15,118
E01001220,8,199
E01001221,58,1250
E01001222,29,287
E01001223,12,65
E01001224,17,63
E01001225,29,376
E01001226,9,47
E01001227,16,52
E01001228,18,105
E01001229,9,91
E01001230,20,158
E01001231,26,236
E01001232,7,58
E01001233,9,144
E01001234,25,161
E01001235,14,144
E01001236,11,74
E01001237,19,116
E01001238,31,280
E01001239,12,128
E01001240,39,186
E01001241,19,140
E01001242,17,83
E01001243,27,214
E01001244,18,140
E01001245,13,190
E01001246,46,330
E01001247,67,934
E01001248,21,108
E01001249,36,407
E01001250,26,178
E01001251,6,101
E01001252,23,370
E01001253,12,94
E01001254,9,86
E01001255,9,46
E01001257,16,180
E01001258,27,108
E01001259,19,147
E01001260,28,125
E01001261,37,469
E01001262,23,118
E01001263,36,191
E01001264,19,101
E01001265,31,119
E01001266,35,231
E01001267,20,201
E01001268,29,99
E01001269,46,156
E01001270,32,95
E01001271,23,118
E01001272,27,123
E01001273,24,127
E01001274,23,63
E01001275,17,104
E01001276,40,180
E01001277,38,171
E01001278,23,201
E01001279,24,66
E01001280,16,77
E01001281,10,46
E01001282,21,99
E01001283,22,104
E01001284,20,95
E01001285,15,116
E01001286,8,84
E01001287,13,88
E01001288,8,110
E01001289,9,59
E01001290,22,140
E01001291,25,95
E01001292,24,106
E01001293,25,116
E01001294,18,93
E01001295,12,66
E01001296,14,75
E01001297,11,139
E01001298,6,108
E01001299,17,93
E01001300,10,64
E01001301,19,111
E01001302,10,61
E01001303,23,110
E01001304,15,65
E01001305,13,63
E01001306,12,49
E01001307,25,135
E01001308,29,95
E01001309,26,80
E01001310,31,275
E01001311,15,106
E01001312,23,122
E01001313,28,81
E01001314,21,75
E01001315,31,83
E01001316,21,122
E01001317,16,173
E01001318,34,146
E01001319,20,54
E01001320,9,87
E01001321,43,139
E01001322,27,228
E01001323,43,331
E01001324,17,108
E01001325,33,129
E01001326,24,203
E01001327,25,332
E01001328,16,279
E01001329,25,103
E01001330,30,224
E01001331,10,116
E01001332,13,132
E01001333,24,323
E01001334,11,124
E01001335,28,117
E01001336,14,104
E01001337,25,331
E01001338,20,212
E01001339,17,175
E01001340,5,263
E01001341,29,89
E01001342,26,85
E01001343,26,75
E01001344,33,133
E01001345,23,90
E01001346,23,69
E01001347,42,275
E01001348,33,381
E01001349,24,113
E01001350,25,99
E01001351,14,520
E01001352,29,142
E01001353,7,108
E01001354,17,200
E01001355,16,184
E01001356,7,112
E01001357,5,57
E01001358,13,132
E01001359,7,228
E01001360,11,205
E01001361,41,988
E01001362,15,189
E01001363,13,117
E01001364,3,120
E01001365,6,133
E01001366,6,90
E01001367,16,434
E01001368,3,77
E01001369,12,176
E01001370,14,164
E01001371,9,189
E01001372,9,119
E01001373,10,121
E01001374,10,82
E01001375,10,100
E01001376,6,75
E01001377,14,103
E01001379,5,62
E01001380,17,71
E01001381,31,285
E01001382,16,53
E01001383,7,48
E01001384,11,106
E01001385,16,78
E01001386,35,138
E01001387,23,228
E01001388,19,295
E01001389,23,326
E01001390,21,99
E01001391,17,98
E01001392,22,93
E01001393,36,106
E01001394,32,128
E01001395,22,99
E01001396,12,110
E01001397,28,97
E01001398,7,46
E01001399,16,78
E01001400,9,84
E01001401,13,39
E01001402,31,146
E01001403,22,71
E01001404,28,82
E01001405,15,69
E01001406,16,144
E01001407,25,103
E01001408,8,47
E01001409,20,94
E01001410,16,100
E01001411,9,88
E01001412,49,219
E01001413,7,39
E01001414,9,55
E01001415,32,164
E01001416,14,45
E01001417,33,125
E01001418,38,114
E01001419,36,142
E01001420,15,62
E01001421,9,45
E01001422,15,59
E01001423,19,122
E01001424,1,50
E01001425,39,261
E01001426,16,166
E01001427,36,249
E01001428,14,121
E01001429,13,573
E01001430,11,146
E01001431,31,129
E01001432,29,203
E01001433,12,161
E01001434,25,70
E01001435,11,49
E01001436,22,89
E01001437,43,255
E01001438,24,97
E01001439,52,294
E01001440,22,135
E01001441,20,160
E01001442,30,153
E01001444,19,64
E01001445,29,224
E01001446,20,80
E01001447,36,157
E01001448,14,95
E01001449,18,79
E01001450,20,379
E01001451,26,130
E01001452,33,73
E01001453,13,46
E01001454,14,53
E01001455,17,75
E01001456,10,40
E01001457,11,85
E01001458,21,156
E01001459,12,64
E01001460,18,143
E01001461,31,158
E01001462,13,82
E01001463,19,48
E01001464,15,82
E01001465,28,154
E01001466,37,116
E01001467,16,79
E01001468,9,119
E01001469,8,32
E01001470,32,78
E01001471,14,62
E01001472,18,71
E01001473,15,56
E01001474,19,69
E01001475,15,41
E01001476,19,117
E01001477,25,125
E01001478,23,79
E01001479,22,153
E01001480,26,96
E01001481,16,84
E01001482,10,85
E01001483,8,96
E01001484,16,56
E01001485,19,180
E01001486,33,154
E01001487,8,107
E01001488,17,94
E01001489,15,131
E01001491,15,152
E01001492,18,104
E01001493,27,89
E01001494,17,71
E01001495,13,98
E01001496,17,70
E01001497,27,91
E01001498,33,303
E01001499,21,90
E01001500,16,76
E01001501,29,250
E01001502,17,122
E01001503,14,109
E01001504,22,90
E01001505,14,104
E01001506,29,202
E01001507,44,363
E01001508,16,131
E01001509,10,110
E01001510,7,112
E01001511,23,216
E01001512,23,135
E01001513,41,433
E01001514,11,105
E01001515,11,120
E01001516,16,119
E01001517,20,175
E01001518,19,165
E01001519,38,380
E01001520,17,65
E01001521,14,70
E01001522,4,64
E01001523,21,58
E01001524,11,39
E01001525,18,55
E01001526,10,44
E01001527,15,88
E01001528,16,129
E01001529,23,118
E01001530,23,90
E01001531,9,51
E01001532,22,89
E01001533,22,64
E01001534,29,162
E01001535,29,69
E01001536,25,262
E01001537,20,61
E01001538,11,50
E01001539,22,62
E01001540,20,92
E01001541,8,50
E01001542,16,96
E01001543,10,35
E01001544,7,88
E01001545,16,103
E01001546,18,104
E01001547,20,143
E01001548,33,142
E01001549,28,165
E01001550,17,79
E01001551,17,160
E01001552,26,162
E01001553,35,96
E01001554,18,206
E01001555,19,245
E01001556,31,92
E01001557,20,71
E01001558,28,365
E01001559,46,462
E01001560,25,100
E01001562,19,131
E01001563,17,94
E01001564,13,79
E01001565,9,57
E01001566,9,57
E01001567,21,59
E01001568,18,77
E01001569,29,114
E01001570,27,183
E01001571,18,122
E01001572,12,82
E01001573,9,113
E01001574,14,102
E01001575,22,161
E01001576,13,150
E01001577,15,146
E01001578,18,186
E01001579,15,135
E01001580,30,225
E01001581,19,126
E01001582,23,113
E01001583,26,118
E01001584,22,105
E01001585,15,100
E01001586,25,83
E01001587,39,151
E01001588,18,105
E01001589,18,140
E01001590,19,98
E01001591,21,143
E01001592,8,95
E01001593,18,90
E01001594,10,101
E01001595,12,105
E01001596,25,41
E01001597,25,104
E01001598,23,99
E01001599,14,136
E01001600,18,82
E01001601,15,33
E01001602,23,111
E01001603,14,79
E01001604,7,74
E01001605,13,50
E01001606,8,30
E01001607,17,82
E01001608,12,94
E01001609,20,285
E01001610,12,51
E01001611,13,60
E01001613,16,104
E01001614,8,176
E01001615,34,405
E01001617,20,143
E01001618,11,86
E01001619,11,77
E01001620,9,126
E01001621,13,103
E01001623,17,95
E01001624,3,51
E01001625,13,135
E01001629,28,202
E01001631,10,202
E01001632,16,98
E01001633,13,127
E01001634,9,78
E01001635,17,68
E01001636,17,95
E01001637,18,108
E01001638,18,136
E01001640,14,339
E01001641,49,544
E01001642,18,247
E01001644,31,204
E01001645,10,71
E01001646,22,168
E01001647,16,84
E01001648,22,100
E01001649,17,78
E01001650,21,137
E01001651,14,132
E01001652,17,183
E01001653,6,78
E01001654,14,87
E01001655,12,106
E01001656,23,65
E01001657,26,83
E01001658,20,103
E01001659,18,114
E01001660,28,142
E01001661,20,137
E01001662,20,172
E01001664,20,284
E01001665,19,131
E01001666,19,222
E01001667,16,913
E01001668,19,220
E01001669,21,150
E01001671,12,79
E01001672,18,130
E01001673,24,239
E01001674,20,177
E01001675,27,178
E01001676,13,136
E01001677,9,237
E01001678,11,46
E01001679,10,74
E01001680,11,48
E01001681,11,60
E01001682,14,112
E01001683,8,99
E01001684,16,72
E01001685,14,61
E01001686,9,80
E01001687,20,155
E01001688,42,234
E01001690,13,109
E01001692,20,116
E01001693,16,162
E01001694,12,89
E01001695,18,149
E01001696,29,291
E01001697,30,189
E01001698,14,137
E01001699,16,123
E01001700,25,202
E01001701,19,272
E01001702,8,73
E01001703,10,111
E01001704,14,138
E01001705,10,170
E01001706,8,71
E01001708,15,67
E01001709,19,202
E01001710,12,117
E01001711,13,87
E01001712,8,150
E01001713,14,139
E01001714,21,95
E01001715,22,89
E01001716,27,133
E01001717,11,56
E01001718,48,231
E01001719,3,66
E01001720,24,150
E01001722,14,138
E01001723,9,94
E01001724,13,183
E01001725,12,67
E01001726,2,47
E01001727,5,60
E01001728,5,81
E01001729,10,357
E01001730,8,168
E01001731,28,360
E01001732,9,136
E01001733,17,138
E01001734,22,345
E01001735,2,130
E01001736,11,114
E01001737,15,110
E01001738,28,143
E01001739,24,156
E01001740,6,114
E01001741,17,135
E01001742,17,172
E01001744,15,136
E01001745,8,172
E01001746,0,74
E01001747,17,291
E01001748,30,550
E01001749,9,123
E01001750,30,178
E01001751,22,142
E01001752,12,139
E01001753,5,86
E01001754,26,262
E01001755,13,201
E01001756,34,257
E01001757,2,84
E01001758,13,372
E01001759,13,106
E01001760,17,476
E01001761,8,146
E01001762,21,261
E01001763,10,153
E01001764,9,141
E01001765,6,106
E01001767,18,120
E01001768,12,112
E01001769,14,128
E01001770,11,185
E01001772,3,64
E01001773,28,179
E01001774,17,266
E01001775,10,96
E01001776,14,103
E01001777,55,443
E01001779,24,335
E01001780,43,362
E01001781,10,124
E01001782,11,114
E01001783,15,101
E01001784,42,140
E01001785,8,81
E01001786,5,134
E01001787,3,100
E01001788,6,124
E01001789,20,90
E01001790,2,55
E01001791,6,98
E01001792,19,141
E01001793,19,112
E01001794,18,168
E01001795,17,145
E01001796,22,165
E01001798,4,182
E01001799,12,63
E01001800,6,173
E01001801,8,60
E01001802,10,59
E01001803,16,128
E01001804,8,42
E01001805,10,105
E01001806,14,152
E01001807,17,111
E01001808,20,180
E01001809,8,83
E01001811,8,88
E01001812,12,93
E01001813,18,177
E01001814,11,123
E01001815,11,84
E01001816,16,139
E01001819,17,102
E01001820,3,100
E01001821,4,84
E01001822,4,144
E01001823,9,84
E01001824,17,123
E01001825,10,45
E01001826,13,71
E01001827,11,125
E01001828,16,152
E01001829,23,156
E01001830,3,267
E01001831,22,346
E01001832,9,139
E01001833,11,160
E01001834,17,150
E01001835,4,66
E01001836,22,226
E01001837,22,147
E01001838,4,128
E01001839,31,298
E01001840,7,131
E01001841,19,124
E01001842,11,100
E01001843,12,75
E01001844,22,199
E01001845,6,119
E01001846,6,117
E01001847,3,88
E01001848,15,142
E01001849,37,261
E01001850,9,123
E01001851,35,137
E01001852,33,148
E01001853,35,126
E01001854,26,195
E01001855,29,140
E01001856,28,179
E01001857,19,535
E01001858,11,166
E01001859,9,90
E01001860,16,168
E01001861,21,149
E01001862,12,142
E01001863,17,113
E01001864,15,101
E01001865,16,89
E01001866,26,214
E01001867,10,60
E01001868,17,112
E01001869,25,121
E01001870,35,145
E01001871,22,110
E01001872,35,138
E01001873,22,126
E01001874,27,435
E01001875,19,209
E01001876,17,299
E01001877,32,184
E01001878,11,92
E01001879,40,161
E01001880,12,163
E01001881,26,411
E01001882,31,166
E01001883,17,98
E01001884,28,250
E01001885,4,80
E01001886,22,163
E01001887,25,115
E01001888,23,118
E01001889,18,120
E01001890,27,269
E01001891,22,208
E01001892,16,112
E01001893,16,158
E01001894,31,396
E01001895,19,115
E01001896,9,144
E01001897,20,119
E01001898,26,877
E01001899,17,568
E01001900,8,352
E01001901,30,125
E01001902,32,120
E01001903,38,192
E01001904,28,121
E01001905,29,122
E01001906,27,105
E01001907,23,93
E01001908,25,127
E01001909,27,165
E01001910,23,115
E01001911,10,170
E01001912,11,168
E01001913,15,165
E01001914,64,316
E01001915,14,213
E01001916,16,100
E01001917,27,110
E01001918,15,117
E01001919,20,104
E01001920,28,405
E01001921,29,188
E01001922,31,221
E01001923,14,143
E01001924,26,109
E01001925,31,167
E01001926,34,125
E01001927,27,102
E01001928,26,216
E01001929,26,120
E01001930,20,155
E01001931,21,117
E01001932,30,442
E01001933,24,177
E01001934,26,146
E01001935,36,163
E01001937,36,164
E01001938,15,123
E01001939,22,203
E01001940,18,184
E01001941,26,773
E01001942,26,246
E01001943,37,2322
E01001944,10,144
E01001945,12,163
E01001946,5,112
E01001947,5,78
E01001948,39,193
E01001949,28,111
E01001950,20,148
E01001951,22,111
E01001952,50,169
E01001953,28,420
E01001954,18,151
E01001955,15,162
E01001956,12,125
E01001957,14,106
E01001958,12,98
E01001959,18,128
E01001960,22,173
E01001961,11,146
E01001962,33,115
E01001963,26,128
E01001964,15,107
E01001965,8,71
E01001966,24,476
E01001967,29,95
E01001968,24,93
E01001969,29,143
E01001970,26,183
E01001971,16,158
E01001972,22,112
E01001973,41,312
E01001974,26,119
E01001975,12,109
E01001976,24,131
E01001977,14,152
E01001978,26,193
E01001979,39,386
E01001980,26,134
E01001981,11,110
E01001982,23,128
E01001983,14,99
E01001984,30,93
E01001985,20,97
E01001986,18,103
E01001987,35,101
E01001988,19,98
E01001989,25,174
E01001990,54,335
E01001991,30,98
E01001992,24,88
E01001993,19,73
E01001994,23,76
E01001995,20,147
E01001996,35,120
E01001997,41,267
E01001998,28,113
E01001999,30,202
E01002000,21,104
E01002001,19,86
E01002002,38,403
E01002003,38,186
E01002004,31,93
E01002005,27,85
E01002006,20,67
E01002007,22,99
E01002008,21,125
E01002009,27,146
E01002010,24,157
E01002011,23,157
E01002013,16,69
E01002014,22,184
E01002015,8,69
E01002016,16,91
E01002017,23,115
E01002018,13,62
E01002019,27,102
E01002020,32,118
E01002021,18,68
E01002022,40,317
E01002023,9,68
E01002024,17,77
E01002025,30,86
E01002026,75,1091
E01002027,14,76
E01002028,12,121
E01002029,34,696
E01002030,26,148
E01002031,36,583
E01002032,15,101
E01002033,17,103
E01002034,39,424
E01002036,46,206
E01002037,68,299
E01002038,35,240
E01002039,11,148
E01002040,25,137
E01002041,27,116
E01002042,33,145
E01002043,40,153
E01002044,24,123
E01002045,16,160
E01002046,32,162
E01002047,31,131
E01002048,27,95
E01002049,20,139
E01002050,8,68
E01002051,19,199
E01002052,14,92
E01002053,14,118
E01002054,10,105
E01002055,8,185
E01002056,19,134
E01002057,22,201
E01002058,35,216
E01002059,16,67
E01002060,13,75
E01002061,22,140
E01002062,27,129
E01002063,28,118
E01002064,8,79
E01002065,21,143
E01002066,22,250
E01002067,19,194
E01002068,54,415
E01002069,21,391
E01002070,36,203
E01002071,18,151
E01002072,29,194
E01002073,28,180
E01002074,38,179
E01002075,21,124
E01002076,25,120
E01002077,49,385
E01002078,33,152
E01002079,23,128
E01002080,51,453
E01002081,25,360
E01002082,10,105
E01002083,17,93
E01002084,36,179
E01002085,18,226
E01002086,18,150
E01002087,24,119
E01002088,33,146
E01002089,4,66
E01002090,21,89
E01002091,33,118
E01002092,31,142
E01002093,24,194
E01002094,14,81
E01002095,29,252
E01002096,26,93
E01002097,27,150
E01002098,24,178
E01002099,15,146
E01002100,16,132
E01002101,26,113
E01002102,32,176
E01002103,21,128
E01002104,17,99
E01002105,24,254
E01002106,25,71
E01002107,21,106
E01002108,11,41
E01002109,29,105
E01002110,13,62
E01002111,19,80
E01002112,16,72
E01002113,22,80
E01002114,21,95
E01002115,17,47
E01002116,22,55
E01002117,25,105
E01002118,18,128
E01002119,25,139
E01002120,11,69
E01002121,33,88
E01002122,21,77
E01002123,9,151
E01002124,38,79
E01002125,18,82
E01002126,23,222
E01002127,14,93
E01002128,24,112
E01002129,34,716
E01002130,31,415
E01002131,14,61
E01002132,13,93
E01002133,13,181
E01002134,19,83
E01002135,28,134
E01002136,22,117
E01002137,8,79
E01002138,19,71
E01002139,14,83
E01002140,21,122
E01002141,21,81
E01002142,23,111
E01002143,23,89
E01002144,25,98
E01002145,20,59
E01002146,11,26
E01002147,14,40
E01002148,14,63
E01002149,21,58
E01002150,19,177
E01002151,16,138
E01002152,16,42
E01002153,12,42
E01002154,27,91
E01002155,9,47
E01002156,18,46
E01002157,16,103
E01002158,12,41
E01002159,17,70
E01002160,13,76
E01002161,13,66
E01002162,13,82
E01002163,18,43
E01002164,10,61
E01002165,15,87
E01002166,10,57
E01002167,22,55
E01002168,16,88
E01002169,19,65
E01002170,17,54
E01002171,17,62
E01002172,18,79
E01002173,22,50
E01002174,24,53
E01002175,19,114
E01002176,13,100
E01002177,21,142
E01002178,16,48
E01002179,25,322
E01002180,20,218
E01002181,16,74
E01002182,22,96
E01002183,17,92
E01002184,16,73
E01002185,14,74
E01002186,15,101
E01002187,13,58
E01002188,23,64
E01002189,30,181
E01002190,32,74
E01002191,16,54
E01002192,20,95
E01002193,25,120
E01002194,13,50
E01002195,15,56
E01002196,6,30
E01002197,18,41
E01002198,33,91
E01002199,16,54
E01002200,24,96
E01002201,18,65
E01002202,24,159
E01002203,18,71
E01002204,19,104
E01002206,18,55
E01002207,20,52
E01002208,9,29
E01002209,25,96
E01002210,24,38
E01002211,16,72
E01002212,23,101
E01002213,26,213
E01002214,27,92
E01002215,12,98
E01002216,24,57
E01002217,6,80
E01002218,15,76
E01002219,21,194
E01002220,16,61
E01002221,26,96
E01002222,31,72
E01002223,36,102
E01002224,19,74
E01002225,7,47
E01002226,16,295
E01002227,24,97
E01002228,14,56
E01002229,19,89
E01002230,23,57
E01002231,20,92
E01002232,34,182
E01002233,30,182
E01002234,12,81
E01002235,16,100
E01002236,9,110
E01002237,10,114
E01002238,8,78
E01002239,28,72
E01002240,11,66
E01002241,14,65
E01002242,23,68
E01002243,14,123
E01002244,19,86
E01002245,22,94
E01002246,19,91
E01002247,32,116
E01002248,45,268
E01002249,29,147
E01002250,30,116
E01002251,15,75
E01002252,10,57
E01002253,15,51
E01002254,16,68
E01002255,5,32
E01002256,5,33
E01002257,14,59
E01002258,14,61
E01002259,12,56
E01002260,12,72
E01002261,15,106
E01002262,15,54
E01002263,13,44
E01002264,26,89
E01002265,13,63
E01002266,25,77
E01002267,16,94
E01002268,33,94
E01002269,14,157
E01002270,13,39
E01002271,22,49
E01002272,12,45
E01002273,20,54
E01002274,19,59
E01002275,11,51
E01002276,18,102
E01002277,27,132
E01002278,24,117
E01002279,19,119
E01002280,10,107
E01002281,32,183
E01002282,22,248
E01002283,15,81
E01002284,37,132
E01002285,11,41
E01002286,10,28
E01002287,8,62
E01002288,6,24
E01002289,18,50
E01002290,11,43
E01002291,16,79
E01002292,24,82
E01002293,39,348
E01002294,24,71
E01002295,11,52
E01002296,23,88
E01002297,25,135
E01002298,25,90
E01002299,21,99
E01002300,16,60
E01002301,17,50
E01002302,23,111
E01002303,20,107
E01002304,29,106
E01002305,12,60
E01002306,7,86
E01002307,16,56
E01002308,6,84
E01002309,15,84
E01002310,19,152
E01002311,15,65
E01002312,18,93
E01002313,18,75
E01002314,33,137
E01002315,13,77
E01002316,31,141
E01002317,15,42
E01002318,8,43
E01002319,22,253
E01002320,18,58
E01002321,30,185
E01002322,23,68
E01002323,13,50
E01002324,8,56
E01002325,18,93
E01002326,23,221
E01002327,14,55
E01002328,22,74
E01002329,23,69
E01002330,13,98
E01002331,13,52
E01002332,22,82
E01002333,19,37
E01002334,40,92
E01002335,11,69
E01002336,21,80
E01002337,17,75
E01002338,17,152
E01002339,23,70
E01002340,11,69
E01002341,9,46
E01002342,19,99
E01002343,15,54
E01002344,39,216
E01002345,30,380
E01002346,11,61
E01002347,19,73
E01002348,13,52
E01002349,23,71
E01002350,23,210
E01002351,20,70
E01002352,20,89
E01002353,28,505
E01002354,6,56
E01002355,21,41
E01002356,35,1326
E01002358,19,147
E01002359,7,61
E01002360,22,83
E01002361,22,415
E01002362,18,67
E01002363,13,67
E01002364,10,22
E01002365,14,88
E01002366,20,70
E01002367,27,176
E01002368,30,247
E01002369,27,152
E01002370,36,227
E01002371,25,104
E01002372,13,76
E01002373,17,89
E01002374,21,94
E01002375,15,93
E01002376,13,54
E01002377,32,113
E01002378,10,37
E01002379,26,132
E01002380,25,108
E01002381,24,64
E01002382,20,72
E01002383,15,67
E01002384,11,51
E01002385,16,113
E01002386,33,207
E01002387,13,67
E01002388,8,37
E01002389,9,34
E01002390,9,43
E01002391,18,53
E01002392,22,136
E01002393,14,128
E01002394,27,89
E01002395,34,92
E01002396,32,292
E01002397,40,366
E01002398,19,110
E01002399,24,119
E01002400,36,129
E01002401,32,141
E01002402,23,107
E01002403,27,89
E01002404,32,169
E01002405,43,180
E01002406,40,308
E01002407,36,389
E01002408,24,123
E01002409,23,122
E01002410,22,180
E01002411,35,132
E01002412,35,325
E01002413,32,167
E01002414,41,298
E01002415,13,54
E01002416,13,68
E01002417,29,97
E01002418,9,39
E01002419,19,71
E01002420,13,47
E01002421,15,89
E01002422,25,151
E01002423,24,154
E01002424,31,94
E01002425,16,76
E01002426,37,134
E01002427,20,68
E01002428,31,83
E01002429,14,78
E01002430,10,45
E01002431,15,38
E01002432,28,146
E01002433,14,95
E01002434,13,60
E01002435,15,55
E01002436,23,90
E01002437,13,46
E01002438,6,58
E01002439,22,164
E01002440,11,81
E01002441,20,123
E01002442,9,72
E01002443,36,282
E01002444,40,2421
E01002445,20,171
E01002446,28,151
E01002447,26,211
E01002448,34,212
E01002449,29,243
E01002450,6,40
E01002451,14,65
E01002452,11,53
E01002453,14,45
E01002454,21,120
E01002455,35,145
E01002456,29,161
E01002457,22,291
E01002458,12,45
E01002459,26,57
E01002460,19,112
E01002461,17,70
E01002462,14,32
E01002463,10,46
E01002464,21,56
E01002465,20,103
E01002466,11,83
E01002467,6,67
E01002468,13,107
E01002469,8,34
E01002470,28,180
E01002471,10,37
E01002472,21,142
E01002473,14,71
E01002474,17,106
E01002475,25,99
E01002476,15,36
E01002477,12,64
E01002478,13,111
E01002479,19,130
E01002480,17,52
E01002481,7,59
E01002482,22,62
E01002483,34,144
E01002484,12,60
E01002485,31,183
E01002486,34,172
E01002487,22,85
E01002488,22,131
E01002489,16,140
E01002490,45,336
E01002491,23,134
E01002492,29,128
E01002493,21,111
E01002494,16,49
E01002495,7,92
E01002496,34,225
E01002497,26,249
E01002498,14,147
E01002499,19,125
E01002501,16,77
E01002502,24,123
E01002503,21,134
E01002504,43,182
E01002505,28,449
E01002506,19,447
E01002507,23,198
E01002508,38,191
E01002509,13,48
E01002511,23,102
E01002512,18,144
E01002513,17,79
E01002514,15,371
E01002515,29,545
E01002516,16,87
E01002518,23,75
E01002519,25,123
E01002520,39,183
E01002521,51,533
E01002523,28,123
E01002525,23,125
E01002526,25,129
E01002527,13,107
E01002528,14,180
E01002529,42,235
E01002530,17,119
E01002531,16,76
E01002532,23,138
E01002533,11,61
E01002534,16,63
E01002535,30,321
E01002536,5,36
E01002537,14,86
E01002538,17,121
E01002539,5,44
E01002540,19,213
E01002541,27,119
E01002542,38,267
E01002543,24,156
E01002544,15,92
E01002545,11,233
E01002546,23,103
E01002547,12,98
E01002548,39,201
E01002549,27,109
E01002550,23,148
E01002551,24,108
E01002552,64,167
E01002553,22,154
E01002554,68,526
E01002555,24,176
E01002556,18,100
E01002557,22,121
E01002558,19,142
E01002559,26,249
E01002560,13,140
E01002561,6,100
E01002562,13,125
E01002563,23,123
E01002564,16,149
E01002565,28,183
E01002566,10,349
E01002567,3,100
E01002568,9,190
E01002569,21,115
E01002570,15,230
E01002571,25,109
E01002572,18,215
E01002573,15,174
E01002574,20,127
E01002575,33,164
E01002576,21,85
E01002577,19,129
E01002578,30,167
E01002579,26,118
E01002580,15,84
E01002581,16,99
E01002582,16,93
E01002583,25,123
E01002584,10,130
E01002585,21,161
E01002586,23,91
E01002587,13,133
E01002588,20,140
E01002589,28,382
E01002590,16,172
E01002591,14,62
E01002592,47,356
E01002593,10,164
E01002594,36,143
E01002595,29,160
E01002596,17,191
E01002598,11,250
E01002599,11,71
E01002600,12,74
E01002601,10,106
E01002602,16,59
E01002603,27,154
E01002604,10,82
E01002605,20,118
E01002606,15,122
E01002607,17,161
E01002608,18,206
E01002609,20,83
E01002610,19,100
E01002611,19,162
E01002612,13,241
E01002613,25,89
E01002614,16,143
E01002615,25,242
E01002616,23,93
E01002617,15,57
E01002618,24,99
E01002619,16,110
E01002620,25,191
E01002621,23,138
E01002622,28,132
E01002623,23,125
E01002624,20,131
E01002625,18,89
E01002626,28,187
E01002627,7,83
E01002628,33,151
E01002629,17,187
E01002630,17,166
E01002631,19,86
E01002632,13,95
E01002633,28,223
E01002634,6,188
E01002635,28,253
E01002636,16,87
E01002637,13,519
E01002638,7,164
E01002639,25,96
E01002640,23,190
E01002641,12,331
E01002642,38,544
E01002643,24,137
E01002645,28,247
E01002646,18,153
E01002647,13,118
E01002648,25,341
E01002649,24,217
E01002650,12,186
E01002651,15,85
E01002652,17,94
E01002653,29,108
E01002654,18,73
E01002655,29,101
E01002656,15,51
E01002657,26,121
E01002658,18,62
E01002659,20,81
E01002660,29,146
E01002661,33,261
E01002662,21,224
E01002663,23,125
E01002664,17,334
E01002665,22,120
E01002666,26,108
E01002667,7,124
E01002668,16,160
E01002669,16,104
E01002670,11,104
E01002671,4,65
E01002672,7,268
E01002673,0,74
E01002674,21,83
E01002675,17,96
E01002676,39,114
E01002677,17,151
E01002678,20,319
E01002679,14,117
E01002680,36,201
E01002681,26,284
E01002682,20,170
E01002683,19,132
E01002684,22,250
E01002686,15,155
E01002687,29,114
E01002689,7,71
E01002690,20,81
E01002691,29,115
E01002692,22,211
E01002693,21,345
E01002694,8,97
E01002695,23,461
E01002696,21,818
E01002697,12,171
E01002698,17,125
E01002699,15,145
E01002700,18,107
E01002701,22,213
E01002702,30,203
E01002703,18,117
E01002704,48,1002
E01002706,32,279
E01002707,15,205
E01002708,16,214
E01002709,8,86
E01002710,19,223
E01002711,35,644
E01002712,6,195
E01002713,15,121
E01002714,14,150
E01002715,5,112
E01002716,48,280
E01002717,33,89
E01002718,20,107
E01002719,25,171
E01002720,61,261
E01002721,11,110
E01002722,15,104
E01002723,38,201
E01002724,92,1097
E01002725,6,121
E01002726,25,377
E01002727,14,164
E01002728,23,240
E01002729,23,172
E01002730,47,331
E01002731,65,938
E01002732,24,234
E01002733,21,134
E01002734,27,444
E01002735,25,233
E01002736,14,94
E01002737,15,174
E01002738,16,150
E01002739,28,170
E01002740,41,302
E01002741,21,107
E01002742,35,110
E01002743,38,122
E01002744,30,147
E01002745,19,100
E01002747,17,151
E01002748,16,225
E01002749,18,87
E01002751,20,157
E01002752,16,93
E01002753,4,63
E01002754,36,120
E01002755,10,101
E01002756,17,103
E01002757,16,105
E01002758,10,151
E01002759,26,95
E01002760,6,111
E01002762,37,182
E01002763,29,198
E01002764,38,154
E01002765,20,225
E01002766,9,112
E01002767,10,107
E01002768,9,110
E01002769,21,117
E01002770,33,497
E01002771,15,105
E01002772,24,200
E01002773,5,77
E01002774,17,144
E01002775,22,109
E01002776,26,174
E01002777,25,114
E01002778,19,167
E01002779,30,189
E01002780,18,126
E01002781,16,96
E01002782,13,93
E01002783,22,175
E01002784,15,142
E01002785,37,221
E01002786,17,183
E01002787,9,104
E01002788,28,150
E01002789,35,131
E01002790,5,226
E01002791,29,205
E01002792,20,275
E01002793,27,290
E01002794,35,1242
E01002795,31,542
E01002796,7,86
E01002797,22,219
E01002798,42,203
E01002799,19,166
E01002800,14,128
E01002801,25,314
E01002802,25,163
E01002803,40,535
E01002804,10,162
E01002805,27,242
E01002806,14,102
E01002807,14,127
E01002808,32,169
E01002809,27,108
E01002810,30,208
E01002811,16,123
E01002812,9,68
E01002813,17,152
E01002814,15,223
E01002815,5,58
E01002816,6,129
E01002817,24,167
E01002818,33,620
E01002819,20,857
E01002820,29,378
E01002821,21,418
E01002822,12,149
E01002823,4,139
E01002824,19,65
E01002825,6,185
E01002826,14,314
E01002827,37,414
E01002828,21,107
E01002829,15,200
E01002830,18,223
E01002831,36,496
E01002832,15,297
E01002833,15,380
E01002834,24,108
E01002835,35,399
E01002836,15,162
E01002837,9,50
E01002838,8,118
E01002839,20,81
E01002840,6,107
E01002841,20,167
E01002842,4,38
E01002843,8,260
E01002844,23,143
E01002845,12,72
E01002846,18,123
E01002847,16,106
E01002848,14,100
E01002849,15,151
E01002850,20,298
E01002851,15,203
E01002852,22,379
E01002853,5,91
E01002854,9,204
E01002855,19,288
E01002856,23,282
E01002857,3,101
E01002858,5,150
E01002859,14,308
E01002860,15,150
E01002861,8,185
E01002862,3,51
E01002863,22,95
E01002864,8,150
E01002865,10,189
E01002866,17,133
E01002867,22,201
E01002868,13,92
E01002869,38,143
E01002870,9,130
E01002871,34,253
E01002872,21,110
E01002873,32,143
E01002874,18,105
E01002875,21,82
E01002876,29,126
E01002877,25,181
E01002878,18,174
E01002879,7,222
E01002880,8,96
E01002881,10,107
E01002882,24,163
E01002883,10,362
E01002884,38,511
E01002885,21,168
E01002886,31,204
E01002887,21,150
E01002888,6,112
E01002889,19,391
E01002890,16,92
E01002891,10,78
E01002892,16,119
E01002893,25,90
E01002894,15,148
E01002895,14,171
E01002896,32,143
E01002897,17,101
E01002898,11,100
E01002899,16,197
E01002900,8,89
E01002901,9,73
E01002902,13,305
E01002903,17,222
E01002904,5,55
E01002905,21,137
E01002906,22,221
E01002907,5,69
E01002908,17,120
E01002909,21,121
E01002910,10,76
E01002911,20,246
E01002912,13,256
E01002913,14,124
E01002914,34,307
E01002915,18,47
E01002916,15,45
E01002917,9,27
E01002918,11,52
E01002919,21,197
E01002920,9,30
E01002921,7,69
E01002922,9,42
E01002923,12,91
E01002924,2,11
E01002925,8,57
E01002926,6,41
E01002927,14,57
E01002928,11,92
E01002929,18,97
E01002930,23,268
E01002931,25,71
E01002932,11,113
E01002933,18,59
E01002934,7,45
E01002935,24,108
E01002937,17,62
E01002938,21,68
E01002939,16,117
E01002940,11,51
E01002941,15,112
E01002942,10,48
E01002943,10,51
E01002944,7,53
E01002945,10,51
E01002946,4,39
E01002947,7,46
E01002948,28,224
E01002949,7,57
E01002950,12,77
E01002951,8,40
E01002952,33,85
E01002953,16,73
E01002954,14,124
E01002955,16,52
E01002956,11,56
E01002957,20,109
E01002958,15,52
E01002959,20,42
E01002960,13,70
E01002961,8,57
E01002962,5,43
E01002963,16,52
E01002964,12,285
E01002965,27,174
E01002966,8,79
E01002967,12,53
E01002968,49,3014
E01002969,4,91
E01002970,10,106
E01002971,10,88
E01002972,19,176
E01002973,7,100
E01002974,28,121
E01002975,17,70
E01002976,9,19
E01002977,17,91
E01002978,10,67
E01002979,6,34
E01002980,14,34
E01002981,20,35
E01002982,19,63
E01002983,11,51
E01002984,7,53
E01002985,22,82
E01002986,14,54
E01002987,19,272
E01002988,13,85
E01002989,17,65
E01002990,11,71
E01002991,10,42
E01002992,7,39
E01002993,6,27
E01002994,9,26
E01002995,3,30
E01002996,10,43
E01002997,10,37
E01002998,8,51
E01002999,9,73
E01003000,19,94
E01003001,35,85
E01003002,6,94
E01003003,23,203
E01003004,9,53
E01003005,8,36
E01003006,7,56
E01003007,7,36
E01003008,14,35
E01003009,16,58
E01003010,19,70
E01003011,19,95
E01003013,32,947
E01003014,12,222
E01003015,25,97
E01003016,6,270
E01003017,17,356
E01003018,41,272
E01003019,35,167
E01003020,20,266
E01003021,19,160
E01003022,24,118
E01003023,24,216
E01003024,20,156
E01003025,23,120
E01003026,23,168
E01003027,23,99
E01003028,15,82
E01003029,39,121
E01003030,20,151
E01003031,12,91
E01003032,15,323
E01003033,10,100
E01003034,18,129
E01003035,34,927
E01003036,20,125
E01003037,22,217
E01003038,19,210
E01003039,26,391
E01003040,10,88
E01003041,16,426
E01003042,11,93
E01003043,19,97
E01003044,7,59
E01003045,7,167
E01003046,7,124
E01003047,44,1189
E01003048,11,216
E01003049,15,155
E01003050,20,246
E01003051,21,294
E01003052,14,367
E01003053,35,225
E01003054,26,231
E01003055,23,472
E01003056,29,119
E01003057,36,166
E01003058,37,174
E01003059,7,189
E01003060,11,172
E01003061,14,715
E01003062,21,270
E01003063,15,167
E01003064,27,120
E01003065,26,136
E01003066,28,220
E01003067,22,110
E01003068,25,157
E01003069,19,98
E01003070,18,126
E01003071,32,170
E01003072,28,108
E01003073,28,175
E01003074,42,417
E01003075,10,131
E01003076,32,399
E01003077,25,155
E01003078,27,99
E01003079,33,196
E01003080,31,98
E01003081,32,220
E01003082,34,126
E01003083,23,82
E01003084,17,91
E01003085,23,115
E01003086,18,162
E01003087,20,181
E01003088,12,135
E01003089,14,190
E01003090,31,524
E01003091,18,111
E01003092,12,148
E01003093,5,255
E01003094,6,73
E01003095,17,104
E01003096,28,304
E01003097,5,145
E01003098,13,120
E01003099,23,280
E01003100,18,218
E01003101,5,114
E01003102,30,506
E01003104,11,114
E01003105,13,120
E01003106,5,174
E01003107,26,167
E01003108,10,122
E01003109,24,774
E01003110,18,119
E01003111,7,89
E01003112,14,130
E01003113,39,166
E01003114,31,183
E01003115,29,127
E01003116,22,89
E01003117,30,209
E01003118,31,357
E01003119,40,195
E01003120,36,307
E01003121,3,61
E01003122,12,203
E01003123,16,155
E01003124,5,107
E01003125,6,125
E01003126,7,125
E01003127,24,238
E01003128,12,225
E01003129,19,176
E01003130,24,153
E01003131,25,161
E01003132,15,112
E01003133,30,134
E01003134,20,90
E01003135,13,119
E01003136,11,79
E01003137,16,137
E01003138,36,113
E01003139,27,120
E01003140,16,59
E01003141,30,135
E01003142,26,82
E01003143,5,87
E01003144,18,242
E01003145,34,143
E01003146,6,76
E01003147,29,126
E01003148,23,93
E01003149,31,104
E01003150,35,163
E01003151,19,139
E01003152,36,150
E01003153,24,214
E01003154,17,118
E01003155,18,130
E01003156,20,96
E01003157,34,101
E01003158,36,99
E01003159,17,81
E01003160,5,74
E01003161,15,88
E01003162,14,169
E01003163,16,79
E01003164,29,211
E01003165,19,115
E01003166,34,278
E01003167,29,129
E01003168,13,106
E01003169,47,233
E01003170,25,152
E01003171,21,135
E01003172,35,179
E01003173,33,147
E01003174,32,151
E01003175,20,103
E01003176,7,222
E01003177,27,164
E01003178,22,110
E01003179,55,190
E01003180,11,110
E01003181,15,158
E01003182,17,166
E01003183,25,215
E01003184,7,93
E01003185,15,152
E01003186,26,265
E01003187,16,110
E01003188,8,137
E01003189,18,146
E01003190,15,244
E01003191,13,109
E01003192,22,221
E01003193,12,262
E01003194,16,117
E01003195,14,81
E01003196,11,154
E01003197,9,94
E01003198,11,71
E01003199,20,367
E01003200,13,218
E01003201,9,196
E01003202,17,86
E01003203,21,239
E01003204,18,97
E01003205,5,90
E01003206,10,65
E01003207,17,216
E01003209,19,158
E01003210,30,226
E01003211,24,181
E01003212,32,158
E01003213,31,153
E01003214,12,186
E01003215,70,397
E01003216,14,105
E01003217,4,53
E01003218,10,76
E01003219,11,72
E01003220,13,113
E01003221,17,188
E01003222,7,79
E01003223,9,144
E01003224,9,61
E01003225,10,83
E01003226,15,120
E01003227,24,87
E01003228,7,57
E01003229,32,183
E01003230,12,122
E01003231,15,145
E01003232,14,89
E01003233,16,85
E01003235,16,98
E01003236,26,159
E01003237,30,197
E01003238,10,109
E01003239,24,137
E01003240,15,134
E01003241,18,150
E01003243,9,200
E01003244,6,81
E01003245,5,113
E01003246,36,190
E01003247,36,152
E01003248,28,192
E01003249,5,106
E01003250,27,145
E01003251,16,188
E01003252,8,115
E01003253,34,278
E01003254,19,68
E01003255,45,265
E01003256,26,163
E01003257,31,109
E01003258,19,94
E01003259,39,185
E01003260,22,105
E01003261,21,83
E01003262,8,72
E01003263,22,145
E01003264,19,118
E01003265,17,128
E01003266,23,135
E01003267,13,75
E01003268,23,129
E01003269,9,89
E01003270,25,77
E01003271,17,62
E01003272,13,224
E01003273,18,83
E01003274,12,112
E01003275,19,98
E01003276,12,126
E01003277,18,137
E01003278,23,304
E01003279,18,89
E01003280,19,129
E01003281,30,133
E01003282,26,148
E01003283,21,142
E01003284,17,101
E01003285,20,127
E01003286,20,208
E01003287,19,112
E01003288,16,172
E01003290,20,206
E01003291,24,376
E01003292,19,140
E01003293,18,127
E01003295,15,134
E01003296,30,547
E01003297,47,201
E01003298,16,84
E01003299,20,249
E01003300,20,161
E01003301,29,229
E01003302,28,139
E01003303,42,597
E01003304,42,463
E01003305,9,81
E01003307,13,74
E01003308,25,125
E01003309,20,170
E01003310,9,123
E01003311,17,98
E01003312,23,119
E01003313,27,167
E01003314,18,83
E01003315,19,118
E01003316,30,83
E01003317,29,161
E01003318,41,696
E01003319,10,125
E01003320,16,198
E01003321,15,129
E01003322,20,168
E01003323,11,123
E01003324,14,231
E01003325,28,188
E01003326,14,97
E01003327,27,200
E01003328,15,118
E01003329,19,113
E01003330,13,68
E01003331,15,95
E01003332,20,92
E01003333,19,121
E01003334,25,280
E01003335,7,108
E01003336,11,78
E01003337,14,106
E01003338,12,149
E01003339,15,151
E01003340,31,156
E01003341,21,76
E01003342,12,89
E01003343,11,82
E01003344,24,96
E01003345,5,76
E01003346,20,147
E01003347,9,142
E01003348,21,136
E01003349,10,108
E01003350,24,126
E01003351,16,122
E01003352,13,131
E01003353,31,260
E01003354,40,137
E01003355,19,108
E01003356,17,139
E01003357,27,207
E01003358,35,202
E01003359,24,129
E01003360,40,144
E01003361,24,64
E01003362,8,43
E01003363,12,51
E01003364,13,41
E01003365,23,54
E01003366,8,137
E01003367,54,477
E01003368,18,87
E01003369,20,93
E01003370,32,134
E01003371,28,92
E01003372,23,131
E01003373,13,99
E01003374,24,146
E01003375,43,226
E01003376,27,85
E01003377,12,94
E01003378,20,125
E01003379,22,206
E01003380,10,53
E01003381,12,66
E01003382,14,51
E01003383,16,404
E01003384,17,74
E01003385,11,59
E01003386,24,117
E01003387,21,126
E01003388,12,133
E01003389,23,199
E01003390,19,187
E01003391,18,117
E01003392,16,120
E01003393,19,97
E01003394,29,137
E01003395,25,70
E01003396,20,98
E01003397,19,69
E01003398,15,100
E01003399,10,35
E01003400,14,99
E01003401,10,171
E01003402,10,80
E01003403,16,58
E01003404,25,53
E01003405,17,153
E01003406,11,97
E01003407,18,107
E01003408,20,132
E01003409,17,111
E01003410,17,133
E01003411,16,86
E01003412,22,119
E01003413,22,147
E01003414,34,101
E01003415,23,74
E01003416,25,85
E01003417,7,48
E01003418,9,44
E01003419,6,64
E01003420,15,60
E01003421,30,70
E01003422,17,58
E01003423,22,100
E01003424,19,53
E01003425,22,58
E01003426,37,103
E01003427,21,259
E01003428,24,86
E01003429,17,66
E01003430,13,111
E01003431,31,134
E01003432,16,95
E01003433,20,109
E01003434,10,56
E01003435,23,94
E01003436,5,85
E01003437,26,153
E01003438,11,105
E01003439,25,222
E01003440,26,116
E01003441,16,91
E01003442,8,34
E01003443,16,56
E01003444,13,42
E01003445,12,68
E01003446,19,129
E01003447,13,114
E01003448,15,87
E01003449,16,60
E01003450,11,109
E01003451,24,90
E01003452,12,155
E01003453,15,120
E01003454,4,41
E01003455,23,108
E01003456,25,642
E01003457,14,71
E01003458,16,77
E01003459,21,173
E01003460,25,116
E01003461,28,135
E01003462,6,54
E01003463,20,57
E01003464,28,113
E01003465,29,74
E01003466,21,51
E01003467,17,34
E01003468,26,61
E01003469,24,195
E01003470,26,89
E01003471,18,125
E01003472,5,38
E01003473,10,69
E01003474,34,73
E01003475,30,221
E01003476,13,76
E01003477,20,71
E01003478,27,93
E01003479,46,170
E01003480,23,136
E01003481,28,183
E01003482,71,816
E01003483,10,110
E01003484,22,122
E01003485,23,116
E01003486,8,316
E01003487,18,150
E01003488,18,158
E01003489,23,205
E01003490,21,142
E01003491,48,272
E01003492,9,135
E01003493,24,218
E01003494,17,110
E01003495,13,95
E01003496,9,121
E01003497,27,246
E01003498,14,115
E01003499,39,360
E01003500,32,224
E01003501,31,181
E01003502,32,254
E01003503,13,211
E01003506,11,153
E01003507,36,282
E01003508,21,160
E01003509,12,99
E01003511,9,93
E01003512,15,186
E01003513,33,194
E01003514,11,128
E01003515,26,402
E01003516,22,202
E01003517,22,409
E01003518,33,128
E01003519,18,105
E01003520,19,342
E01003521,41,841
E01003522,9,93
E01003523,30,256
E01003524,11,165
E01003525,16,201
E01003526,15,154
E01003527,20,163
E01003528,12,78
E01003529,18,144
E01003530,13,76
E01003531,18,276
E01003532,13,101
E01003533,15,116
E01003534,25,153
E01003535,44,196
E01003536,23,128
E01003537,21,169
E01003538,18,138
E01003539,21,169
E01003540,16,133
E01003541,20,126
E01003542,34,142
E01003543,37,192
E01003544,24,205
E01003545,24,149
E01003546,16,150
E01003547,45,171
E01003548,21,198
E01003549,29,148
E01003550,12,144
E01003551,32,204
E01003552,22,104
E01003553,22,224
E01003554,19,123
E01003555,10,101
E01003556,26,300
E01003557,36,266
E01003558,36,273
E01003559,31,238
E01003560,2,43
E01003561,14,107
E01003562,11,117
E01003563,7,62
E01003564,21,128
E01003565,7,87
E01003566,25,280
E01003567,9,144
E01003568,11,69
E01003569,8,322
E01003570,12,251
E01003571,16,135
E01003572,12,116
E01003573,13,115
E01003574,22,195
E01003575,15,145
E01003576,13,250
E01003577,10,118
E01003578,26,227
E01003579,11,83
E01003580,17,132
E01003581,8,116
E01003582,10,95
E01003583,22,98
E01003584,24,105
E01003585,5,86
E01003586,17,117
E01003587,12,209
E01003588,10,61
E01003589,15,83
E01003590,16,147
E01003591,19,310
E01003592,21,150
E01003593,6,120
E01003594,34,143
E01003595,9,104
E01003596,12,89
E01003597,4,70
E01003598,11,97
E01003599,7,136
E01003600,17,204
E01003601,25,268
E01003602,14,169
E01003603,23,231
E01003604,33,205
E01003605,24,127
E01003606,39,228
E01003607,19,211
E01003608,15,107
E01003609,32,327
E01003611,14,165
E01003615,22,174
E01003616,24,265
E01003617,43,1170
E01003618,34,448
E01003619,20,447
E01003621,15,89
E01003622,18,136
E01003623,20,150
E01003624,16,100
E01003625,14,95
E01003626,13,124
E01003627,6,74
E01003628,5,77
E01003629,9,78
E01003630,20,184
E01003631,17,75
E01003632,18,102
E01003633,5,138
E01003634,12,130
E01003635,25,144
E01003636,18,268
E01003637,7,74
E01003638,16,192
E01003639,25,136
E01003640,23,145
E01003641,28,121
E01003642,24,108
E01003643,31,131
E01003644,21,86
E01003645,14,477
E01003646,35,140
E01003647,13,88
E01003648,20,51
E01003649,17,56
E01003650,21,101
E01003651,22,75
E01003652,18,57
E01003653,20,252
E01003654,39,97
E01003655,21,95
E01003656,27,144
E01003657,26,145
E01003658,24,123
E01003659,23,127
E01003660,22,48
E01003661,13,97
E01003662,10,196
E01003663,30,95
E01003664,37,75
E01003665,17,58
E01003666,21,164
E01003668,14,103
E01003669,17,190
E01003670,19,95
E01003671,18,58
E01003672,13,149
E01003673,32,111
E01003674,15,233
E01003675,22,185
E01003676,24,67
E01003677,29,162
E01003678,17,78
E01003679,20,57
E01003680,22,66
E01003681,32,135
E01003682,28,65
E01003683,17,120
E01003684,36,113
E01003685,15,89
E01003686,12,150
E01003688,11,157
E01003689,29,1032
E01003690,20,343
E01003691,22,104
E01003692,17,100
E01003693,31,108
E01003694,16,52
E01003695,10,86
E01003696,39,100
E01003697,24,220
E01003698,13,45
E01003699,43,193
E01003700,34,249
E01003701,19,184
E01003702,23,120
E01003703,16,93
E01003704,19,123
E01003705,27,214
E01003706,24,118
E01003707,29,96
E01003708,15,135
E01003709,32,77
E01003710,20,74
E01003711,18,150
E01003712,18,106
E01003713,20,104
E01003714,19,209
E01003715,20,124
E01003716,26,150
E01003718,21,107
E01003719,36,236
E01003720,36,211
E01003721,11,115
E01003722,25,100
E01003723,27,129
E01003724,22,84
E01003725,15,93
E01003726,29,228
E01003727,17,72
E01003728,29,506
E01003729,12,261
E01003730,7,87
E01003731,27,125
E01003732,18,143
E01003733,33,165
E01003734,20,191
E01003735,18,208
E01003736,14,95
E01003737,47,130
E01003738,40,135
E01003739,22,173
E01003740,42,192
E01003741,17,115
E01003742,15,114
E01003743,23,161
E01003744,11,38
E01003745,11,41
E01003746,34,139
E01003747,10,27
E01003748,20,110
E01003749,16,51
E01003750,32,153
E01003751,44,137
E01003752,43,141
E01003753,20,96
E01003754,30,108
E01003755,31,213
E01003756,37,142
E01003757,36,139
E01003758,29,201
E01003759,20,53
E01003760,39,166
E01003761,7,90
E01003762,20,104
E01003763,54,132
E01003764,23,107
E01003765,35,107
E01003766,18,67
E01003767,21,241
E01003768,21,142
E01003769,21,296
E01003770,30,255
E01003771,25,118
E01003772,25,94
E01003773,31,133
E01003774,32,91
E01003775,23,65
E01003776,16,119
E01003777,23,101
E01003778,31,276
E01003779,16,97
E01003780,19,36
E01003781,29,267
E01003782,12,109
E01003783,37,855
E01003784,12,88
E01003785,18,185
E01003786,20,89
E01003787,11,100
E01003788,26,197
E01003789,29,114
E01003790,36,122
E01003791,36,156
E01003792,15,119
E01003793,17,227
E01003794,28,76
E01003795,39,110
E01003796,30,113
E01003797,20,64
E01003798,16,81
E01003799,24,152
E01003800,16,59
E01003801,19,131
E01003802,1,29
E01003803,10,76
E01003804,12,62
E01003805,17,66
E01003806,24,75
E01003807,21,195
E01003808,18,87
E01003809,20,106
E01003810,14,62
E01003811,18,42
E01003812,9,64
E01003813,9,42
E01003814,6,43
E01003815,25,127
E01003816,29,117
E01003817,16,158
E01003818,14,53
E01003819,17,162
E01003820,14,95
E01003821,14,81
E01003822,18,54
E01003823,26,161
E01003824,18,68
E01003825,15,72
E01003826,11,73
E01003827,30,118
E01003828,21,64
E01003829,28,250
E01003830,24,67
E01003831,17,93
E01003832,9,65
E01003833,11,77
E01003834,38,186
E01003835,11,50
E01003836,9,62
E01003837,12,67
E01003838,18,89
E01003839,16,89
E01003840,26,85
E01003841,16,147
E01003842,11,87
E01003843,28,104
E01003844,18,99
E01003845,27,74
E01003846,21,78
E01003847,32,135
E01003848,32,96
E01003849,20,65
E01003851,25,104
E01003852,24,88
E01003853,21,79
E01003854,18,107
E01003855,18,124
E01003856,14,59
E01003857,11,67
E01003858,17,100
E01003859,8,61
E01003860,35,184
E01003861,37,106
E01003862,7,76
E01003863,13,103
E01003864,27,119
E01003865,23,94
E01003866,8,53
E01003867,13,107
E01003868,7,75
E01003869,12,72
E01003870,16,97
E01003871,19,94
E01003872,36,86
E01003873,16,81
E01003874,9,67
E01003875,34,84
E01003876,58,891
E01003877,8,37
E01003878,13,108
E01003879,9,55
E01003880,16,49
E01003881,11,53
E01003882,13,81
E01003883,7,74
E01003884,15,70
E01003885,16,73
E01003886,19,109
E01003887,15,112
E01003888,28,193
E01003889,22,71
E01003890,14,35
E01003891,16,62
E01003892,23,45
E01003893,18,81
E01003894,12,61
E01003895,15,83
E01003896,29,303
E01003897,16,169
E01003898,19,81
E01003899,8,41
E01003900,26,96
E01003901,13,37
E01003902,18,62
E01003903,27,124
E01003904,8,57
E01003905,24,91
E01003906,17,101
E01003907,20,101
E01003908,19,78
E01003909,19,126
E01003910,13,39
E01003911,9,142
E01003912,7,93
E01003913,33,340
E01003914,14,157
E01003915,24,151
E01003916,26,269
E01003917,18,151
E01003918,12,145
E01003919,22,222
E01003920,10,159
E01003921,26,527
E01003922,40,290
E01003923,26,166
E01003924,16,179
E01003925,7,94
E01003926,13,123
E01003927,46,710
E01003929,44,940
E01003930,14,180
E01003932,26,427
E01003933,23,245
E01003934,22,460
E01003935,7,238
E01003936,10,86
E01003937,25,249
E01003938,23,121
E01003939,55,653
E01003940,15,83
E01003941,15,176
E01003942,8,131
E01003943,12,106
E01003945,37,151
E01003946,16,175
E01003947,11,108
E01003948,31,269
E01003949,26,128
E01003950,13,104
E01003951,29,170
E01003952,26,200
E01003953,38,216
E01003954,7,54
E01003955,11,74
E01003956,19,90
E01003957,18,76
E01003958,30,134
E01003960,22,142
E01003961,22,205
E01003963,17,185
E01003964,37,366
E01003966,34,271
E01003967,12,105
E01003968,10,107
E01003969,57,496
E01003970,24,127
E01003971,15,151
E01003972,11,149
E01003973,31,254
E01003974,13,77
E01003975,13,128
E01003976,11,185
E01003977,12,168
E01003978,17,159
E01003979,9,169
E01003980,34,311
E01003981,16,367
E01003983,14,195
E01003984,29,406
E01003986,20,183
E01003987,11,110
E01003988,38,400
E01003989,23,265
E01003990,23,212
E01003991,7,85
E01003992,9,79
E01003993,25,107
E01003994,30,332
E01003995,27,129
E01003997,31,173
E01003998,15,131
E01003999,9,77
E01004000,16,126
E01004001,13,128
E01004002,13,88
E01004003,23,203
E01004004,22,214
E01004005,27,317
E01004006,21,165
E01004007,1,76
E01004008,16,204
E01004010,23,421
E01004011,14,161
E01004012,18,183
E01004013,11,234
E01004014,3,114
E01004015,20,130
E01004016,22,161
E01004017,28,88
E01004018,18,111
E01004019,17,106
E01004020,8,106
E01004021,21,176
E01004022,29,238
E01004023,23,242
E01004024,21,198
E01004027,33,893
E01004028,3,120
E01004029,18,119
E01004030,20,133
E01004031,27,504
E01004032,32,98
E01004033,7,118
E01004034,7,145
E01004035,15,159
E01004036,20,165
E01004037,39,194
E01004038,27,198
E01004039,25,139
E01004040,35,343
E01004041,15,79
E01004042,23,320
E01004043,20,124
E01004044,4,93
E01004045,7,76
E01004046,28,124
E01004047,9,125
E01004048,19,191
E01004049,6,79
E01004050,19,89
E01004051,14,77
E01004052,30,142
E01004053,16,140
E01004054,29,95
E01004055,4,56
E01004056,25,127
E01004057,25,100
E01004058,38,119
E01004059,34,248
E01004060,12,168
E01004061,24,202
E01004062,39,350
E01004063,32,198
E01004064,18,167
E01004065,16,101
E01004066,22,188
E01004067,35,796
E01004068,16,168
E01004069,30,154
E01004070,24,133
E01004071,10,96
E01004072,33,109
E01004073,24,121
E01004074,27,167
E01004075,33,156
E01004076,28,308
E01004077,19,70
E01004078,7,109
E01004079,17,46
E01004080,16,43
E01004081,7,52
E01004082,21,45
E01004083,11,76
E01004084,8,48
E01004085,21,76
E01004086,44,162
E01004087,27,61
E01004088,18,132
E01004089,5,79
E01004090,12,90
E01004091,7,34
E01004092,9,29
E01004093,2,32
E01004094,3,47
E01004095,7,28
E01004096,17,51
E01004097,9,34
E01004098,14,39
E01004099,22,133
E01004100,9,130
E01004101,10,46
E01004102,28,135
E01004103,11,77
E01004104,11,58
E01004105,19,74
E01004106,2,30
E01004107,11,56
E01004108,16,71
E01004109,10,86
E01004110,13,138
E01004111,13,96
E01004112,9,67
E01004114,15,41
E01004115,11,76
E01004116,5,34
E01004117,13,29
E01004118,17,99
E01004119,14,157
E01004120,4,35
E01004121,21,108
E01004122,11,38
E01004123,23,196
E01004124,6,85
E01004125,5,70
E01004126,13,76
E01004127,6,99
E01004128,9,125
E01004129,26,154
E01004130,13,197
E01004131,15,90
E01004132,11,43
E01004133,19,51
E01004134,18,86
E01004135,9,57
E01004136,11,50
E01004137,5,150
E01004138,12,96
E01004139,7,60
E01004140,5,190
E01004141,12,60
E01004142,33,1310
E01004143,5,55
E01004144,7,65
E01004145,21,103
E01004146,16,148
E01004147,9,67
E01004148,12,107
E01004149,8,62
E01004150,12,71
E01004151,13,60
E01004152,15,144
E01004153,15,61
E01004154,9,25
E01004155,34,66
E01004156,12,106
E01004157,6,32
E01004158,8,46
E01004159,9,53
E01004160,11,51
E01004161,7,41
E01004162,8,68
E01004163,10,53
E01004164,13,146
E01004165,13,121
E01004166,22,71
E01004167,4,87
E01004168,11,97
E01004169,17,55
E01004170,19,162
E01004171,12,65
E01004172,19,115
E01004173,10,44
E01004174,18,68
E01004175,13,66
E01004176,13,76
E01004177,13,90
E01004178,44,329
E01004179,8,41
E01004180,20,66
E01004181,9,64
E01004182,19,99
E01004183,11,145
E01004184,8,79
E01004185,39,150
E01004186,17,98
E01004187,9,68
E01004188,21,130
E01004189,18,111
E01004190,10,33
E01004191,13,85
E01004192,10,73
E01004193,14,78
E01004194,11,59
E01004195,2,86
E01004196,7,38
E01004197,47,330
E01004198,21,178
E01004199,11,109
E01004200,29,129
E01004201,18,145
E01004202,24,165
E01004203,23,423
E01004204,12,108
E01004205,13,182
E01004206,23,162
E01004207,12,144
E01004208,27,683
E01004209,10,99
E01004211,18,325
E01004212,25,210
E01004214,5,80
E01004215,15,281
E01004216,8,64
E01004217,21,157
E01004218,19,80
E01004219,15,171
E01004221,14,116
E01004222,32,191
E01004223,33,235
E01004224,12,221
E01004225,32,189
E01004226,15,140
E01004228,41,154
E01004229,21,136
E01004230,19,206
E01004231,5,211
E01004232,38,281
E01004233,12,103
E01004234,35,523
E01004235,12,75
E01004236,24,154
E01004237,17,114
E01004238,73,253
E01004239,16,139
E01004240,11,84
E01004241,8,108
E01004242,28,210
E01004243,11,124
E01004244,22,251
E01004245,17,116
E01004246,21,201
E01004247,18,224
E01004248,19,109
E01004249,24,162
E01004250,14,165
E01004251,27,159
E01004252,19,249
E01004253,12,155
E01004254,50,213
E01004255,8,130
E01004256,1,117
E01004257,8,133
E01004258,13,98
E01004259,11,285
E01004260,15,130
E01004261,28,254
E01004262,12,239
E01004263,13,94
E01004264,11,89
E01004266,17,85
E01004267,28,244
E01004268,10,104
E01004269,17,271
E01004270,43,350
E01004271,13,151
E01004272,13,153
E01004273,12,204
E01004274,8,82
E01004275,10,90
E01004276,12,35
E01004277,18,474
E01004280,9,71
E01004281,22,82
E01004283,22,133
E01004284,26,113
E01004285,14,168
E01004286,21,222
E01004287,17,147
E01004288,15,150
E01004289,20,135
E01004290,23,213
E01004291,27,104
E01004292,17,92
E01004293,38,332
E01004294,35,328
E01004295,4,85
E01004296,19,82
E01004297,24,110
E01004298,14,135
E01004300,14,78
E01004301,9,123
E01004302,12,126
E01004303,16,171
E01004304,15,169
E01004305,14,155
E01004306,22,496
E01004307,58,1281
E01004308,18,128
E01004309,46,652
E01004310,25,245
E01004311,24,190
E01004312,17,112
E01004313,22,222
E01004314,31,203
E01004315,24,433
E01004316,17,169
E01004317,58,832
E01004318,19,228
E01004319,8,128
E01004321,40,270
E01004322,17,377
E01004323,18,195
E01004324,9,98
E01004325,59,427
E01004326,23,245
E01004327,25,116
E01004328,18,145
E01004329,26,135
E01004330,9,79
E01004331,13,131
E01004332,20,188
E01004333,18,126
E01004334,7,91
E01004335,14,124
E01004336,22,159
E01004337,22,114
E01004338,10,98
E01004339,13,107
E01004340,16,149
E01004341,25,192
E01004342,38,232
E01004343,18,69
E01004344,34,210
E01004345,16,118
E01004346,33,110
E01004347,28,187
E01004348,30,294
E01004349,25,122
E01004350,18,144
E01004351,16,69
E01004352,16,120
E01004353,15,81
E01004354,23,212
E01004355,19,111
E01004356,31,104
E01004357,17,90
E01004358,25,105
E01004359,22,94
E01004360,16,48
E01004361,16,58
E01004362,32,140
E01004363,18,279
E01004364,25,192
E01004365,34,302
E01004366,20,162
E01004367,14,210
E01004368,22,129
E01004369,15,86
E01004370,13,140
E01004371,3,75
E01004372,3,69
E01004373,9,95
E01004374,12,107
E01004375,14,136
E01004376,22,116
E01004377,34,127
E01004378,34,133
E01004379,19,70
E01004380,20,90
E01004381,26,165
E01004382,6,58
E01004383,38,79
E01004384,23,180
E01004385,19,129
E01004386,26,69
E01004387,11,46
E01004388,19,143
E01004389,35,150
E01004390,20,81
E01004391,31,180
E01004392,55,729
E01004393,19,129
E01004394,18,164
E01004395,34,120
E01004396,14,116
E01004397,74,1221
E01004398,18,120
E01004399,19,125
E01004400,26,144
E01004401,38,180
E01004402,18,104
E01004403,23,192
E01004404,21,156
E01004405,14,149
E01004406,30,218
E01004407,46,210
E01004408,30,128
E01004409,28,199
E01004410,45,228
E01004411,29,196
E01004412,47,228
E01004413,27,120
E01004414,24,189
E01004415,15,87
E01004416,29,139
E01004417,31,176
E01004418,15,74
E01004419,21,127
E01004420,37,399
E01004421,14,126
E01004422,69,343
E01004423,19,142
E01004424,22,207
E01004425,31,175
E01004426,11,92
E01004427,22,160
E01004428,13,121
E01004429,12,151
E01004430,42,539
E01004432,20,180
E01004434,26,161
E01004435,17,181
E01004436,19,195
E01004437,25,133
E01004438,36,474
E01004439,20,110
E01004440,30,307
E01004441,23,98
E01004442,15,95
E01004443,18,167
E01004444,41,309
E01004445,16,138
E01004446,24,152
E01004447,16,133
E01004448,41,210
E01004449,17,162
E01004450,25,73
E01004451,21,89
E01004452,30,232
E01004453,31,149
E01004454,16,100
E01004455,15,709
E01004456,16,190
E01004457,21,161
E01004458,21,162
E01004459,12,92
E01004460,31,205
E01004461,35,175
E01004462,21,173
E01004463,27,140
E01004464,29,201
E01004465,17,83
E01004466,23,127
E01004467,34,233
E01004468,38,180
E01004469,14,102
E01004470,26,151
E01004471,16,91
E01004472,19,99
E01004473,29,93
E01004474,49,521
E01004475,30,78
E01004476,23,179
E01004477,11,71
E01004478,9,44
E01004479,14,81
E01004480,43,101
E01004481,30,156
E01004482,23,104
E01004483,21,117
E01004484,21,70
E01004485,20,145
E01004486,21,100
E01004487,10,60
E01004488,18,91
E01004489,15,81
E01004490,11,67
E01004491,10,72
E01004492,12,104
E01004493,18,162
E01004494,29,165
E01004495,9,149
E01004496,37,184
E01004497,13,82
E01004498,12,79
E01004499,22,73
E01004500,11,65
E01004501,12,83
E01004502,20,69
E01004503,23,84
E01004504,12,34
E01004505,18,59
E01004506,36,134
E01004507,17,109
E01004508,40,174
E01004509,17,395
E01004510,43,130
E01004511,19,96
E01004512,16,72
E01004513,8,196
E01004514,15,165
E01004515,12,70
E01004516,15,78
E01004517,35,134
E01004518,9,69
E01004519,10,69
E01004520,3,44
E01004521,20,91
E01004522,19,101
E01004523,15,92
E01004524,10,77
E01004525,32,741
E01004526,20,96
E01004527,17,79
E01004528,9,97
E01004529,24,124
E01004530,23,104
E01004531,9,69
E01004532,15,64
E01004533,5,58
E01004534,25,173
E01004535,4,87
E01004536,16,160
E01004537,10,140
E01004538,10,88
E01004539,11,159
E01004540,20,233
E01004541,8,146
E01004542,17,83
E01004543,24,117
E01004544,10,78
E01004545,22,163
E01004546,9,56
E01004547,11,63
E01004548,27,225
E01004549,22,82
E01004550,12,64
E01004551,52,564
E01004552,47,412
E01004553,19,86
E01004554,22,71
E01004555,16,80
E01004556,19,64
E01004557,16,87
E01004558,14,64
E01004559,8,64
E01004560,22,202
E01004562,16,371
E01004563,9,149
E01004564,17,137
E01004565,6,109
E01004566,20,114
E01004567,4,114
E01004568,15,127
E01004569,19,205
E01004570,7,95
E01004571,14,121
E01004572,10,158
E01004573,12,166
E01004574,18,144
E01004575,3,59
E01004576,19,126
E01004577,18,131
E01004579,18,116
E01004580,15,146
E01004581,9,77
E01004582,15,96
E01004583,10,214
E01004584,1,92
E01004585,24,164
E01004586,10,75
E01004587,17,93
E01004588,26,337
E01004589,15,70
E01004590,16,136
E01004591,31,171
E01004592,8,80
E01004593,11,94
E01004594,9,36
E01004595,14,112
E01004596,11,68
E01004597,5,53
E01004598,9,58
E01004599,9,46
E01004600,14,522
E01004601,20,172
E01004602,18,112
E01004604,20,77
E01004605,20,99
E01004606,26,157
E01004607,16,98
E01004608,19,131
E01004609,34,641
E01004610,21,89
E01004611,25,104
E01004612,30,162
E01004613,25,207
E01004614,32,141
E01004615,18,113
E01004616,36,147
E01004617,33,371
E01004618,15,74
E01004619,14,92
E01004620,21,64
E01004621,25,99
E01004622,15,63
E01004623,12,75
E01004624,32,101
E01004625,18,55
E01004626,22,142
E01004627,14,80
E01004628,14,80
E01004629,12,75
E01004630,6,84
E01004631,6,88
E01004632,8,42
E01004633,5,48
E01004634,16,89
E01004635,15,60
E01004636,6,53
E01004637,6,41
E01004638,30,78
E01004639,17,104
E01004640,13,52
E01004641,15,90
E01004642,7,64
E01004643,9,93
E01004644,28,193
E01004645,10,102
E01004646,11,94
E01004647,10,98
E01004648,17,142
E01004649,12,113
E01004650,7,91
E01004651,4,43
E01004652,21,187
E01004653,28,218
E01004654,54,284
E01004656,31,184
E01004657,43,470
E01004658,40,1070
E01004659,21,154
E01004660,20,292
E01004661,40,367
E01004662,24,174
E01004663,24,210
E01004665,4,60
E01004666,7,720
E01004667,4,70
E01004668,6,58
E01004669,6,90
E01004670,13,151
E01004674,10,166
E01004675,18,232
E01004676,10,113
E01004677,23,106
E01004678,20,123
E01004679,8,269
E01004680,20,134
E01004681,46,191
E01004682,31,323
E01004683,23,97
E01004684,16,192
E01004686,10,165
E01004687,20,113
E01004688,24,304
E01004689,24,1071
E01004690,18,147
E01004691,28,372
E01004692,5,91
E01004693,33,107
E01004694,44,274
E01004695,20,499
E01004696,15,82
E01004697,21,97
E01004698,43,328
E01004699,51,683
E01004700,26,102
E01004701,8,71
E01004702,19,378
E01004703,23,190
E01004705,19,85
E01004706,10,102
E01004707,16,95
E01004708,16,135
E01004709,14,175
E01004710,9,172
E01004711,5,86
E01004712,41,367
E01004713,36,273
E01004714,70,2315
E01004715,36,387
E01004716,22,136
E01004717,20,384
E01004718,3,131
E01004719,10,139
E01004720,6,145
E01004721,6,205
E01004722,14,176
E01004723,11,179
E01004724,19,169
E01004725,6,114
E01004726,14,111
E01004727,13,367
E01004728,6,53
E01004729,0,47
E01004730,6,81
E01004731,57,1008
E01004732,16,142
E01004733,22,742
E01004734,125,7508
E01004735,116,2473
E01004736,115,4576
E01004737,5,50
E01004738,8,76
E01004739,3,28
E01004740,13,138
E01004741,9,85
E01004742,19,64
E01004743,5,71
E01004744,17,138
E01004745,9,180
E01004746,6,55
E01004747,16,225
E01004748,21,305
E01004749,45,421
E01004750,29,820
E01004751,15,87
E01004752,9,51
E01004753,12,99
E01004754,5,101
E01004755,10,248
E01004756,11,124
E01004757,14,167
E01004760,10,112
E01004761,109,1912
E01004762,41,1864
E01004763,192,6000
E01004765,132,2001
E01032512,7,225
E01032513,6,108
E01032562,25,120
E01032563,18,81
E01032564,18,101
E01032565,14,102
E01032566,10,118
E01032567,9,58
E01032568,9,264
E01032569,22,120
E01032570,26,101
E01032572,18,137
E01032573,20,336
E01032574,35,282
E01032575,31,146
E01032576,21,61
E01032577,13,99
E01032579,19,266
E01032580,38,227
E01032581,28,170
E01032582,34,867
E01032583,20,230
E01032584,19,176
E01032623,10,39
E01032637,13,67
E01032638,5,35
E01032639,7,296
E01032640,6,99
E01032646,22,251
E01032719,25,141
E01032720,27,778
E01032722,44,391
E01032741,16,862
E01032742,13,233
E01032743,9,89
E01032744,18,331
E01032764,29,267
E01032765,11,90
E01032766,12,123
E01032767,15,136
E01032768,10,42
E01032769,23,142
E01032770,6,27
E01032771,10,462
E01032772,3,68
E01032773,4,28
E01032774,8,73
E01032775,5,17
E01032776,8,65
E01032777,10,81
E01032778,23,172
E01032779,3,16
E01032780,10,77
E01032781,6,58
E01032782,4,78
E01032783,6,62
E01032784,8,89
E01032785,11,63
E01032786,4,110
E01032787,16,178
E01032788,11,109
E01032789,3,22
E01032790,7,61
E01032803,12,65
E01032805,26,391
E01032834,4,66
E01033000,5,133
E01033030,2,305
E01033081,13,111
E01033082,11,124
E01033083,12,929
E01033084,31,320
E01033085,12,115
E01033086,2,70
E01033093,33,134
E01033098,6,60
E01033099,9,94
E01033100,17,120
E01033101,7,81
E01033132,7,110
E01033133,12,45
E01033135,8,53
E01033146,7,75
E01033148,19,99
E01033150,26,110
E01033151,12,119
E01033153,19,183
E01033207,29,395
E01033208,8,153
E01033320,16,114
E01033322,8,71
E01033324,24,131
E01033325,3,33
E01033327,48,1009
E01033341,22,227
E01033424,11,592
E01033455,20,263
E01033456,16,243
E01033457,25,213
E01033463,29,124
E01033464,36,157
E01033485,18,265
E01033486,10,105
E01033487,9,38
E01033488,12,147
E01033489,40,251
E01033490,49,337
E01033491,45,403
E01033492,9,65
E01033493,3,75
E01033494,16,106
E01033568,10,51
E01033569,13,154
E01033570,15,129
E01033571,15,97
E01033572,30,120
E01033573,12,162
E01033574,11,44
E01033575,11,70
E01033576,18,121
E01033577,27,118
E01033578,17,90
E01033579,9,89
E01033580,31,116
E01033581,21,245
E01033582,10,60
E01033583,40,961
E01033584,5,97
E01033585,42,332
E01033586,17,184
E01033587,22,483
E01033588,10,110
E01033589,17,582
E01033590,10,69
E01033591,34,300
E01033592,20,61
E01033593,11,159
E01033594,82,743
E01033595,251,6724
E01033596,67,2225
E01033597,3,45
E01033598,9,127
E01033599,1,61
E01033600,10,72
E01033601,9,126
E01033602,5,146
E01033603,21,130
E01033604,9,256
E01033605,31,180
E01033606,11,76
E01033607,19,150
E01033608,9,101
E01033698,5,50
E01033699,30,833
E01033700,20,388
E01033701,14,135
E01033702,3,65
E01033703,17,128
E01033704,41,496
E01033705,5,99
E01033706,54,1232
E01033707,22,194
E01033708,143,2439
E01033709,30,144
E01033710,9,80
E01033711,32,155
E01033712,42,423
E01033713,13,126
E01033724,79,325
E01033725,45,299
E01033726,44,301
E01033727,44,244
E01033728,20,101
E01033729,18,177
E01033730,17,201
E01033731,26,341
E01033732,4,29
E01033733,8,99
E01033734,2,69
E01033735,34,548
E01033736,2,37
E01033737,28,461
E01033738,10,245
E01033739,2,68
E01033740,12,93
E01033741,19,207
E01033742,5,57
E01033743,6,261
E01033744,12,87
E01033745,10,120
E01033746,20,82