LSOAs,House_median_Prices
E01000907,415000
E01000908,282500
E01000909,435000
E01000912,500000
E01000913,1000000
E01000893,740000
E01000894,975000
E01000895,760000
E01000896,922500
E01000899,1526896
E01000910,509000
E01000911,425000
E01000921,342495
E01000923,480000
E01000928,346500
E01000878,725000
E01000879,812500
E01000880,930500
E01000884,1030000
E01000885,1572500
E01000871,650000
E01000872,342475
E01000873,560000
E01000874,615000
E01000877,845000
E01000886,442500
E01000887,419000
E01000888,495000
E01000892,525000
E01000903,560000
E01000889,275000
E01000890,221000
E01000891,275750
E01000901,275000
E01000922,387500
E01000927,537550
E01000881,546436
E01000882,837500
E01000883,620000
E01000897,733750
E01000898,765000
E01000866,429250
E01000870,375000
E01000924,460000
E01000925,350000
E01000926,730000
E01000969,490000
E01000970,496000
E01000971,507500
E01000972,485000
E01000973,380950
E01000842,725000
E01000844,650000
E01000848,765000
E01000849,525000
E01000900,370000
E01000902,275000
E01000904,325000
E01000905,351500
E01000906,440000
E01000875,335750
E01000876,330000
E01000931,320000
E01000932,388000
E01000974,340000
E01000843,675000
E01000845,525000
E01000846,1077500
E01000847,530000
E01000864,510000
E01000865,435000
E01000867,374975
E01000868,267500
E01000869,406000
E01000962,497475
E01000964,560000
E01000965,454750
E01000966,677500
E01000968,437000
E01000960,397500
E01000961,491000
E01000963,645000
E01000967,865000
E01000857,690000
E01000858,440000
E01000859,895000
E01000860,590000
E01000862,632500
E01000856,320000
E01000861,390000
E01000957,320000
E01000958,343000
E01000959,306000
E01000929,392500
E01000930,320000
E01000933,475000
E01000934,287000
E01000935,505000
E01000863,487500
E01000946,560775
E01000947,400000
E01000948,690000
E01000952,350600
E01000953,370000
E01000954,371000
E01000955,317500
E01000956,430000
E01000944,355000
E01000945,340000
E01000949,356500
E01000950,220000
E01000951,289000
E01000936,308750
E01000938,385000
E01000939,385000
E01000940,390000
E01000853,465000
E01000937,300000
E01000941,330000
E01000942,332500
E01000943,370000
E01000850,885000
E01000851,469000
E01000852,330000
E01000854,580000
E01000915,480000
E01000916,522500
E01000917,320000
E01000920,637500
E01000855,225000
E01000914,468000
E01000918,650000
E01000919,635175
E01000001,505000
E01000002,525000
E01000003,350000
E01000005,300000
E01032739,447500
E01032740,420000
E01001808,307000
E01001809,450000
E01001814,245000
E01001823,212498
E01001825,207500
E01001714,279500
E01001811,320000
E01001813,160000
E01033701,192500
E01001799,225000
E01001802,226000
E01001804,390000
E01001807,343000
E01001812,251000
E01001725,410000
E01001726,175000
E01001800,232500
E01001824,240500
E01001826,335000
E01001723,337500
E01001724,260000
E01001727,337500
E01001768,355000
E01001769,278000
E01001715,330000
E01001716,240000
E01001717,376000
E01001718,325000
E01001719,230000
E01001720,340000
E01001742,353750
E01001801,210250
E01001803,367500
E01001806,249950
E01001741,570133
E01001805,270105
E01001829,475000
E01001831,357500
E01001832,485000
E01001764,246100
E01001765,223000
E01001767,330000
E01001770,247750
E01033703,291500
E01033713,245000
E01001792,400000
E01001793,425000
E01001794,330000
E01001795,187500
E01001796,342000
E01001736,359498
E01001737,360000
E01001738,270000
E01001739,350000
E01001786,166000
E01001787,236000
E01001788,162500
E01001790,142500
E01001740,215000
E01001747,283000
E01001830,368495
E01001833,347500
E01001834,295500
E01001835,328500
E01001733,410000
E01001785,385000
E01001789,360000
E01001791,380750
E01001745,239500
E01001746,285000
E01001757,154000
E01001758,220000
E01001759,275000
E01001761,280000
E01001731,190000
E01001734,287000
E01001760,250000
E01001762,325000
E01001846,279000
E01001847,221500
E01001848,305000
E01001849,222000
E01001729,145000
E01001730,.
E01001732,145614
E01001735,275000
E01001838,167500
E01001850,210000
E01001748,262000
E01001749,322000
E01001763,425000
E01001816,671000
E01001819,475500
E01001744,345000
E01001750,320000
E01001751,590000
E01001756,298500
E01033698,250000
E01033699,386250
E01033700,315000
E01033707,295000
E01001836,365000
E01001840,275000
E01001841,472500
E01001844,436750
E01001845,250000
E01001837,305750
E01001839,325000
E01001842,324000
E01001843,370000
E01033704,329000
E01033712,304998
E01001772,220000
E01001774,265000
E01001775,280000
E01001815,345000
E01001820,250000
E01001821,275000
E01001752,470000
E01001753,312500
E01001754,312550
E01001755,250000
E01001773,280000
E01001776,332500
E01001779,330000
E01001781,250000
E01001782,425000
E01001783,195000
E01001777,295000
E01001780,275000
E01001784,253500
E01033706,425000
E01033708,465000
E01033709,285000
E01033711,347500
E01001798,192500
E01001828,175000
E01033702,341500
E01033705,285000
E01033710,220000
E01001722,274850
E01001728,182500
E01001822,270000
E01001827,167500
E01001874,385000
E01001875,265000
E01001876,260000
E01001877,190000
E01001878,290000
E01001955,445500
E01001957,190000
E01001958,210000
E01001961,192000
E01001954,499999
E01001956,461500
E01001959,360000
E01001960,355000
E01001943,557500
E01001944,249000
E01001945,337500
E01001946,407500
E01001862,340000
E01001940,298225
E01001941,315000
E01001942,321250
E01001858,250000
E01001860,257500
E01001861,321300
E01001863,496625
E01001864,609000
E01001852,375000
E01001853,357475
E01001854,295000
E01001857,204000
E01001859,362500
E01001865,447500
E01001927,1250000
E01001930,400000
E01001895,470000
E01001896,405000
E01001897,862500
E01001929,650000
E01001851,800000
E01001855,427500
E01001856,1512500
E01001869,1500000
E01001873,362500
E01001928,864000
E01001931,290000
E01001932,486000
E01001933,415000
E01001866,630000
E01001867,330000
E01001868,306000
E01001870,379250
E01001871,517250
E01001872,395000
E01001893,320000
E01001894,485000
E01001898,466250
E01001899,360000
E01001900,582850
E01001889,457000
E01001910,322000
E01001913,472500
E01001914,345000
E01001885,200000
E01001908,410000
E01001909,385000
E01001911,352500
E01001912,310485
E01001886,675000
E01001887,380000
E01001890,321000
E01001892,420000
E01001880,399950
E01001881,647250
E01001882,555000
E01001883,455000
E01001884,412070
E01001888,637500
E01001891,390000
E01001917,520000
E01001918,495000
E01001919,760000
E01001879,495750
E01001901,873501
E01001902,472500
E01001903,427500
E01001920,345000
E01001921,902500
E01001922,1250876
E01001923,622500
E01001924,970000
E01001947,325000
E01001948,506250
E01001949,595000
E01001950,730000
E01001951,415000
E01001953,552500
E01001904,565000
E01001905,528000
E01001906,475000
E01001907,995000
E01001935,456500
E01001939,460000
E01032788,480000
E01032789,407450
E01032790,650000
E01001915,618000
E01001916,760000
E01001926,1240000
E01001952,437000
E01001925,1580000
E01001934,699950
E01001937,810000
E01001938,498750
E01001969,250000
E01001971,360000
E01001974,300000
E01001975,212500
E01002036,181000
E01002037,165500
E01002039,110000
E01002040,225000
E01001962,399750
E01001970,188500
E01001972,360000
E01001973,460000
E01002090,250000
E01002093,186250
E01002096,228000
E01002097,215500
E01002091,219000
E01002092,136000
E01002094,216000
E01002095,212500
E01002098,284000
E01002101,250000
E01002102,345000
E01002105,317500
E01002099,162500
E01002100,212000
E01002103,280000
E01002104,270000
E01001963,692500
E01001964,315000
E01001965,557500
E01001966,677500
E01002027,285000
E01002028,275000
E01002032,222500
E01002033,272500
E01001976,191000
E01001977,187500
E01001978,150000
E01001979,160000
E01002074,152250
E01002077,206000
E01002079,223000
E01002081,193975
E01002082,.
E01002086,288500
E01002088,310000
E01002089,.
E01001967,626250
E01001968,465000
E01001996,269000
E01001997,380000
E01002075,193000
E01002076,210000
E01002078,147000
E01002080,223000
E01002026,226000
E01002029,198000
E01002030,361250
E01002031,299000
E01001991,392000
E01001992,942500
E01001993,1079500
E01001995,408000
E01001980,242500
E01001981,220971
E01001982,218250
E01001983,250000
E01002083,310000
E01002084,241500
E01002085,285000
E01002087,325000
E01002014,332500
E01002015,282500
E01002018,338000
E01033085,215000
E01033086,228320
E01002020,325000
E01002022,312500
E01002023,485000
E01002025,1080000
E01002013,397475
E01002019,600000
E01002021,825000
E01002024,630000
E01001998,283500
E01001999,287500
E01002003,254188
E01002004,381000
E01002067,245000
E01002069,231000
E01002070,215000
E01002073,217000
E01002066,154000
E01002068,180000
E01002071,175000
E01002072,128500
E01002043,245000
E01002045,245000
E01002046,230000
E01002049,238500
E01002042,310000
E01002044,385000
E01002047,208325
E01002048,295000
E01002016,300000
E01002017,308500
E01002059,499999
E01002060,405000
E01002050,313500
E01002051,321750
E01002052,395000
E01002055,406250
E01001994,310000
E01002008,1116634
E01002010,505000
E01002011,427500
E01002000,286000
E01002001,353500
E01002002,310000
E01002058,300000
E01002053,209500
E01002054,195000
E01002056,235000
E01002057,315000
E01001984,330000
E01001985,432740
E01001987,492500
E01001989,670000
E01001986,755000
E01001988,361250
E01001990,363750
E01002062,308475
E01002005,380000
E01002006,330000
E01002007,632500
E01002009,540000
E01002061,323000
E01002063,295000
E01002064,270000
E01002065,360000
E01002034,105000
E01002038,142000
E01002041,210000
E01032575,158000
E01002755,288750
E01002756,373750
E01002758,217500
E01002804,360000
E01002807,267500
E01002811,367000
E01002753,261000
E01002754,721250
E01002757,655000
E01002759,422500
E01002760,235000
E01002772,297500
E01002735,249995
E01002805,335000
E01002806,412500
E01002808,294475
E01002809,390000
E01002810,361250
E01002768,287500
E01002770,393500
E01002771,510000
E01002773,194950
E01002774,332475
E01002732,250000
E01002734,290000
E01002736,229250
E01002737,270000
E01002751,250000
E01002742,520000
E01002747,635000
E01002748,325000
E01002749,452500
E01033493,342500
E01033494,488000
E01002730,330000
E01002731,276000
E01002733,342500
E01002763,250000
E01002769,575000
E01002785,418000
E01002788,385000
E01002789,395000
E01002738,480000
E01002741,255000
E01002743,465000
E01002744,483750
E01002752,400000
E01002764,320500
E01002783,320000
E01002784,300498
E01002786,326500
E01002787,205000
E01002762,405000
E01002767,380000
E01033486,427500
E01033487,343750
E01033488,487500
E01033491,343000
E01033492,345000
E01002777,425000
E01002778,250000
E01002779,350000
E01002781,377950
E01002782,345000
E01002739,545000
E01002740,430000
E01002745,542500
E01002795,499950
E01002796,359500
E01002716,280000
E01002718,440000
E01002721,487500
E01002775,505500
E01002776,385000
E01002780,400000
E01002708,345000
E01002712,381250
E01002713,235000
E01002765,223000
E01002766,212500
E01002717,395000
E01002719,584500
E01002720,306500
E01002790,660000
E01002791,545140
E01002793,351000
E01002698,435000
E01002699,596475
E01002700,620000
E01002714,340000
E01002792,555000
E01002722,327000
E01002797,364500
E01002798,650000
E01002799,320000
E01002800,1080000
E01002694,287500
E01002697,276000
E01002709,322000
E01002710,398875
E01002715,265000
E01002696,420000
E01002794,600000
E01002801,638000
E01002802,605000
E01002803,505000
E01002695,425000
E01002711,440000
E01002727,557500
E01002728,482500
E01002729,465475
E01002707,330000
E01002723,335975
E01002724,470000
E01002725,390000
E01002726,399950
E01033489,505000
E01033490,359500
E01002701,407500
E01002702,345500
E01002703,467500
E01002704,470000
E01002706,385000
E01002852,265000
E01002853,1030000
E01002854,320000
E01002855,347500
E01002857,166250
E01002904,.
E01002905,325500
E01002906,527140
E01002907,.
E01002876,1200000
E01002877,654500
E01002878,395000
E01002908,590000
E01002909,430000
E01002829,550000
E01002830,625000
E01002831,540000
E01002832,837500
E01002856,420000
E01002870,380000
E01002872,962500
E01002879,387500
E01002880,190000
E01002881,1080000
E01002882,900000
E01002883,740000
E01002884,840000
E01002885,780000
E01002886,967500
E01002833,693750
E01002871,1750000
E01002873,580000
E01002874,460000
E01002875,843449
E01002824,900000
E01002825,1100000
E01002826,665000
E01002827,1750000
E01002828,1380000
E01002864,2175000
E01002866,525000
E01002867,657500
E01002868,1750000
E01002869,462000
E01002887,885000
E01002889,1225000
E01002890,2017500
E01002891,1127500
E01002892,999999
E01002813,1400000
E01002815,615000
E01002816,1450000
E01002817,1322500
E01002865,1775000
E01002818,1263500
E01002819,1100000
E01002859,1400000
E01002860,2000000
E01002863,1522500
E01002812,825000
E01002834,740000
E01002839,780000
E01002850,850000
E01002888,910000
E01002821,1004000
E01002823,1850000
E01002858,435000
E01002861,1284400
E01002862,250000
E01002814,689500
E01002847,512500
E01002848,530000
E01002851,505000
E01002820,955000
E01002822,1800500
E01002835,1050000
E01002836,842500
E01002837,1400000
E01002846,460000
E01002849,675000
E01002893,560000
E01002894,570000
E01002898,985000
E01002899,599000
E01002900,1585000
E01002901,950000
E01002902,850000
E01002903,3377000
E01002844,1185000
E01002845,747500
E01002910,905000
E01002911,2712500
E01002914,1130000
E01002838,1026000
E01002895,1237500
E01002896,765000
E01002897,400000
E01002912,765000
E01002840,495000
E01002841,680000
E01002842,299950
E01002843,472500
E01002913,732500
E01003015,258475
E01003108,225000
E01003110,357500
E01003111,252075
E01003112,353000
E01003101,235000
E01003105,260000
E01003106,378000
E01003107,470000
E01003109,355000
E01003102,367000
E01003104,310500
E01003122,370000
E01003129,290000
E01033207,295000
E01033208,600000
E01003098,670000
E01003099,247500
E01003100,271250
E01003180,347500
E01003183,394620
E01003097,248750
E01003121,215000
E01003123,346000
E01003124,231000
E01003125,191000
E01003181,295000
E01003184,205000
E01003185,305000
E01003186,332500
E01003187,220000
E01003089,207000
E01003091,245000
E01003092,260000
E01003126,215000
E01003128,205000
E01003046,195000
E01003048,147000
E01003075,360000
E01003182,274750
E01003188,200000
E01003088,389000
E01003093,228750
E01003094,436250
E01003096,317500
E01003127,378000
E01003045,193750
E01003047,256500
E01003049,258250
E01003059,190000
E01003060,174000
E01003061,267000
E01003034,255000
E01003035,358000
E01003036,359754
E01003090,381500
E01003095,335000
E01003037,355000
E01003038,475000
E01003039,407500
E01003040,340000
E01003042,310000
E01003072,550000
E01003073,374750
E01003076,230000
E01003077,250000
E01003078,360000
E01003019,360000
E01003053,406500
E01003054,375000
E01003056,339563
E01003058,312500
E01003020,338500
E01003050,292475
E01003052,188000
E01003055,291250
E01003176,187475
E01003029,350000
E01003032,305264
E01003041,242000
E01003057,340000
E01003043,371000
E01003044,212000
E01003051,272500
E01003071,401625
E01003074,327500
E01003026,490000
E01003027,892500
E01003028,380000
E01003030,348500
E01003033,755000
E01003018,285000
E01003171,247000
E01003173,305000
E01003177,342500
E01003178,342750
E01003021,290000
E01003022,250000
E01003023,250000
E01003024,164500
E01003025,245000
E01003136,187500
E01003137,161500
E01003159,223750
E01003160,675000
E01003162,184975
E01003031,420000
E01003156,369000
E01003157,636278
E01003158,412500
E01003161,627000
E01003163,400000
E01003132,204500
E01003172,196000
E01003174,220000
E01003175,215000
E01003179,198500
E01003164,245000
E01003165,387500
E01003168,249000
E01003169,285000
E01003170,400500
E01003130,227000
E01003131,322500
E01003135,265000
E01003138,365000
E01003151,200750
E01003079,192000
E01003080,244950
E01003133,250000
E01003134,305000
E01003152,310000
E01003064,317950
E01003066,216000
E01003081,315000
E01003166,217500
E01003167,461500
E01003116,249999
E01003117,250000
E01003118,241500
E01003153,225000
E01003155,317500
E01003083,406000
E01003084,252375
E01003085,342250
E01003149,210000
E01003154,250000
E01003065,209000
E01003068,299000
E01003082,187250
E01003086,172500
E01003087,158000
E01003113,228250
E01003114,242000
E01003119,237500
E01003120,222500
E01003148,247500
E01003150,175750
E01003062,222500
E01003063,214000
E01003067,413000
E01003069,230000
E01003070,249000
E01003115,293750
E01003141,250000
E01003144,495000
E01003145,201250
E01003147,250000
E01003139,247000
E01003140,262500
E01003142,238000
E01003143,248000
E01003146,240000
E01003013,357500
E01003014,300000
E01003016,566250
E01003017,575165
E01032582,453750
E01003244,.
E01003245,248750
E01003247,230000
E01003249,212500
E01003250,274500
E01003246,182500
E01003248,138500
E01003251,112500
E01003252,135500
E01003253,189500
E01003297,127000
E01003299,340000
E01003301,250000
E01003302,175000
E01003305,278000
E01003207,272000
E01003209,234000
E01003210,243750
E01003212,250000
E01003215,245975
E01003338,203000
E01003339,240000
E01003340,247500
E01003341,285000
E01003343,279750
E01003199,345000
E01003201,312500
E01003204,352500
E01003205,407500
E01003206,335825
E01003211,250000
E01003213,275000
E01003214,180500
E01033324,327000
E01033325,239250
E01003198,352000
E01003200,435017
E01003202,480000
E01003203,212500
E01003336,180250
E01003337,.
E01003342,243000
E01003344,213500
E01003345,241500
E01003273,280000
E01003277,250000
E01003278,249975
E01003279,303750
E01003288,178500
E01003290,195000
E01003291,183125
E01003296,190000
E01033327,172000
E01033341,200000
E01003282,250000
E01003283,420000
E01003284,285000
E01003286,250000
E01003272,350500
E01003274,258600
E01003275,240000
E01003276,366720
E01003225,308700
E01003231,272500
E01003232,383250
E01003233,280000
E01003280,290000
E01003281,309000
E01003285,231500
E01003287,305000
E01003292,250000
E01003293,197748
E01003295,232000
E01033320,218750
E01033322,196500
E01003319,183500
E01003320,232000
E01003323,181500
E01003325,230000
E01003226,232000
E01003227,280000
E01003228,308000
E01003229,232500
E01003230,263000
E01003317,208000
E01003318,151500
E01003321,242500
E01003322,250000
E01003324,184000
E01003254,377500
E01003255,230000
E01003260,469498
E01003261,247500
E01003262,240000
E01003217,216000
E01003218,236250
E01003220,165000
E01003222,240000
E01003224,252500
E01003263,242500
E01003268,241100
E01003269,226500
E01003270,179500
E01003271,293000
E01003307,265000
E01003308,226000
E01003314,275500
E01003315,247750
E01003316,345000
E01003216,350000
E01003219,247500
E01003221,218000
E01003223,320000
E01003346,218000
E01003349,176000
E01003351,173500
E01003354,132500
E01003309,220250
E01003310,220000
E01003311,330000
E01003312,249995
E01003313,240000
E01003256,220000
E01003257,230000
E01003258,241000
E01003259,241000
E01003193,270000
E01003194,194250
E01003195,235000
E01003196,193000
E01003197,205000
E01003347,130000
E01003348,225000
E01003350,235000
E01003352,250000
E01003353,237500
E01003264,201250
E01003265,161500
E01003266,175000
E01003267,183000
E01003329,240000
E01003330,290000
E01003331,317500
E01003332,250000
E01003334,202500
E01003189,200000
E01003190,162000
E01003191,158500
E01003192,175000
E01003326,250000
E01003327,250000
E01003328,227500
E01003333,247495
E01003335,520000
E01003236,180000
E01003237,184000
E01003238,177750
E01003239,188500
E01032564,165150
E01003235,222000
E01003240,174000
E01003241,249990
E01003243,207000
E01032565,181500
E01003298,165000
E01003300,222500
E01003303,237500
E01003304,175000
E01032579,151000
E01003543,258500
E01003544,207000
E01003546,215000
E01003550,132000
E01003576,120000
E01003581,205000
E01003582,183000
E01003583,228750
E01003578,177000
E01003584,292500
E01003586,205000
E01003590,209000
E01003579,240000
E01003585,220000
E01003587,149995
E01003591,144563
E01003528,188500
E01003575,212000
E01003577,166250
E01003580,200000
E01003545,230000
E01003548,227750
E01003549,193000
E01003557,287500
E01003547,280000
E01003555,320000
E01003561,239000
E01003567,169500
E01003556,115000
E01003558,149500
E01003570,226000
E01003571,206000
E01003572,250000
E01003551,250000
E01003553,175000
E01003554,246250
E01003559,236000
E01003529,245000
E01003530,225000
E01003531,250000
E01003532,242000
E01003534,221500
E01003533,217500
E01003560,210000
E01003563,224500
E01003588,218000
E01003589,198500
E01003616,242000
E01003617,200000
E01003618,228000
E01003619,220500
E01003615,237000
E01033578,217500
E01033579,211000
E01033583,246950
E01033586,211950
E01003562,197500
E01003564,210000
E01003565,215000
E01003566,218500
E01003625,190000
E01003626,232500
E01003627,245000
E01003628,236250
E01003629,134000
E01003552,249973
E01003596,245000
E01003597,220000
E01003635,250000
E01003568,244000
E01003569,285000
E01003573,214500
E01003574,235500
E01003520,249498
E01003521,226750
E01003522,190000
E01003525,220000
E01003526,195000
E01003488,159998
E01003489,180498
E01003490,206500
E01003524,216000
E01003631,191500
E01003632,227500
E01003633,175000
E01003634,234625
E01003636,240000
E01003598,183500
E01003600,135000
E01003630,217750
E01003637,224000
E01003491,170000
E01003592,201000
E01003599,141500
E01003606,195000
E01003535,182000
E01003536,171500
E01003621,212500
E01003622,220000
E01003623,206000
E01003523,115000
E01003527,200000
E01003537,200000
E01003542,150500
E01003624,204000
E01003492,220000
E01003493,226000
E01003494,199995
E01003495,228500
E01003594,203500
E01003595,194250
E01003602,227000
E01003607,180000
E01003496,204250
E01003498,168500
E01003500,240000
E01003593,216500
E01003601,226500
E01003603,183500
E01003605,164000
E01003608,195500
E01003538,220000
E01003539,203000
E01003540,168500
E01003541,191000
E01003499,125000
E01003501,191500
E01003502,182500
E01003503,155000
E01003507,180000
E01003508,190500
E01003509,138000
E01003604,163000
E01003483,272500
E01003484,223250
E01003516,180000
E01003518,202500
E01003519,195000
E01003480,235000
E01003482,250000
E01003486,188000
E01003487,210000
E01003497,206250
E01003506,137000
E01033574,336500
E01033575,272500
E01033576,195000
E01033584,198750
E01033585,248000
E01003479,165000
E01003481,227500
E01003485,222498
E01003513,239000
E01003511,184000
E01003512,182500
E01003514,182500
E01003515,137500
E01003517,191000
E01003609,242495
E01003611,140000
E01033577,315000
E01033580,240000
E01033581,175000
E01033582,240000
E01004029,375000
E01004032,380000
E01004053,352500
E01004054,312500
E01004055,277500
E01003927,363000
E01003929,360000
E01003934,727500
E01003935,691250
E01003939,367500
E01003976,385000
E01004027,330000
E01032637,495000
E01032638,611500
E01032640,480000
E01032646,471250
E01032803,385000
E01032834,666250
E01003975,332500
E01003978,275000
E01004022,262500
E01004023,400000
E01004028,224500
E01003938,253000
E01003940,250000
E01003941,520000
E01003942,282498
E01003979,307500
E01003981,328000
E01004030,540000
E01004031,287500
E01004033,271000
E01004034,193500
E01004036,176250
E01004056,298725
E01004057,308500
E01004058,318000
E01004059,348000
E01004060,284250
E01003936,465000
E01003937,250000
E01003943,246000
E01032720,220000
E01003977,156500
E01004037,188750
E01004038,183000
E01004042,222000
E01004043,340000
E01003986,164750
E01003987,249995
E01004024,199000
E01004035,183475
E01003960,295000
E01003961,194000
E01003994,220000
E01032722,230000
E01003980,201500
E01004039,219750
E01004040,169250
E01004041,181500
E01004044,284500
E01003992,249975
E01003995,250000
E01003998,322700
E01003999,225000
E01032639,305000
E01032719,342130
E01003964,441500
E01003966,193500
E01003968,138000
E01003971,.
E01003974,125000
E01003963,195000
E01003967,202000
E01003970,264400
E01003972,215000
E01003973,186500
E01003923,286250
E01003969,244500
E01003991,250000
E01003993,130000
E01003997,339000
E01003983,127000
E01003988,200000
E01003989,130000
E01003990,225000
E01004007,210000
E01003912,124000
E01004011,160000
E01004012,198750
E01004013,161000
E01004014,177500
E01003911,268000
E01003916,290000
E01003917,392500
E01003918,155000
E01003925,290000
E01003919,352475
E01003920,159000
E01003921,192850
E01003922,220000
E01003924,232500
E01003926,202000
E01004008,167500
E01004010,180000
E01004067,247500
E01032805,215000
E01003984,236375
E01004003,207500
E01004004,273000
E01004005,189975
E01004006,270000
E01003913,412500
E01003914,461502
E01003915,242000
E01004050,254000
E01004052,294500
E01004061,463000
E01004062,249950
E01004063,443375
E01004065,444250
E01004066,310000
E01004000,250000
E01004001,320000
E01004019,338750
E01004064,237000
E01004068,209750
E01004045,188500
E01004047,185000
E01004048,343750
E01004049,323000
E01004051,236500
E01003953,430000
E01003955,372000
E01004015,327500
E01004021,323000
E01004046,321333
E01004002,389750
E01004016,330000
E01004017,300000
E01004020,195000
E01003952,560000
E01003954,464000
E01003956,410000
E01004071,354000
E01004072,652950
E01004069,975000
E01004070,412500
E01004073,652500
E01004074,695000
E01004075,1087500
E01003949,250000
E01003950,228500
E01003957,294000
E01003958,410500
E01004018,295000
E01003945,316500
E01003946,359500
E01003947,238000
E01003948,245750
E01003951,575000
E01003930,280000
E01003932,250000
E01003933,304000
E01032583,385000
E01032584,350000
E01004222,201000
E01004223,217500
E01004224,249998
E01004226,212000
E01004197,272500
E01004198,272500
E01004199,219000
E01004201,297125
E01004228,385000
E01004230,285000
E01004232,537000
E01004233,241000
E01004234,552500
E01004225,290000
E01004229,247000
E01004231,236000
E01032764,231250
E01032765,250000
E01032784,240000
E01004200,320000
E01004202,245000
E01004203,275000
E01004204,235000
E01004311,270000
E01004314,620000
E01004315,373500
E01004318,216000
E01004259,246000
E01004260,235000
E01004263,219750
E01004266,472500
E01004235,190000
E01004236,170000
E01004237,180000
E01004238,250000
E01004239,182750
E01004312,220000
E01004313,317500
E01004316,352500
E01004317,355000
E01004261,236375
E01004262,235000
E01004264,220000
E01032785,340000
E01032786,226375
E01004207,312500
E01004209,222498
E01004212,250000
E01032787,238500
E01004240,223750
E01004241,212000
E01004242,260000
E01004267,227000
E01004268,241300
E01004205,217000
E01004206,220000
E01004208,218000
E01004211,246250
E01004269,242500
E01004270,350000
E01004271,221000
E01004272,220000
E01004273,310000
E01004306,400000
E01004307,413000
E01004308,250750
E01004309,250000
E01004310,339500
E01004283,237500
E01004287,249999
E01004289,315000
E01004290,399995
E01004322,244500
E01004323,205000
E01004324,285000
E01004326,220000
E01004245,172000
E01004246,276500
E01004248,168000
E01004249,185000
E01004284,213000
E01004285,130000
E01004286,440000
E01004288,210000
E01004243,185750
E01004244,245000
E01004247,205000
E01004250,200000
E01004319,244500
E01004321,282500
E01004325,367500
E01032766,410000
E01032767,361500
E01004298,190000
E01004300,336250
E01004304,320000
E01004305,231250
E01004251,205000
E01004254,325250
E01004255,275000
E01004258,487500
E01004252,240000
E01004253,213750
E01004256,240750
E01004257,230000
E01004301,499000
E01004302,230000
E01004303,245000
E01032768,421500
E01032769,315000
E01004292,412500
E01004294,356500
E01004295,297275
E01004296,272500
E01004291,378500
E01004293,552500
E01004297,442500
E01004215,350000
E01004219,250000
E01004221,295000
E01032776,340000
E01032777,250000
E01032778,297500
E01032779,445000
E01032780,437168
E01004214,184425
E01004216,308000
E01004217,261000
E01004218,330000
E01004274,402500
E01004275,301000
E01004276,365000
E01004281,266250
E01032775,344250
E01032783,251250
E01004280,287500
E01032770,285050
E01032772,172000
E01032773,305000
E01032774,352500
E01004277,446000
E01032771,490000
E01032781,352500
E01032782,385000
E01004560,460000
E01004566,500000
E01004582,680000
E01004583,565000
E01004562,222500
E01004563,177500
E01004564,326500
E01004567,184000
E01033098,485050
E01033100,315000
E01033132,338500
E01004539,360000
E01004540,351250
E01004577,485000
E01004584,172500
E01004579,725000
E01004580,322500
E01004581,288500
E01033099,359000
E01033101,490000
E01033133,430000
E01004565,352250
E01004590,400250
E01004591,381000
E01004592,485000
E01004604,1062000
E01004605,750000
E01004606,510000
E01004607,888475
E01004608,506800
E01004535,168000
E01004537,211250
E01004538,259500
E01004541,230000
E01004534,581250
E01004536,238000
E01004552,393750
E01004585,490080
E01004588,510000
E01004554,580000
E01004556,889000
E01004586,430000
E01004587,585000
E01004589,619975
E01004509,335000
E01004511,460000
E01004602,421000
E01004609,475000
E01033093,505000
E01033135,497500
E01004506,412000
E01004638,950000
E01004639,332500
E01004640,371000
E01004641,421500
E01004508,400000
E01004510,382500
E01004514,639500
E01004515,305000
E01004551,410000
E01004568,143000
E01004574,196000
E01004575,225000
E01004576,282500
E01004500,412500
E01004501,375000
E01004503,341000
E01004505,352400
E01004507,324000
E01004553,475000
E01004557,568750
E01004558,840001
E01004559,955000
E01004619,331000
E01004572,400000
E01004642,374000
E01004643,287500
E01004644,361750
E01004645,220000
E01004477,1038000
E01004478,1100000
E01004479,705000
E01004550,750000
E01004555,950000
E01004494,289950
E01004513,284700
E01004600,260000
E01004601,298500
E01004493,333250
E01004512,797500
E01004620,458750
E01004621,382000
E01004623,647500
E01004627,475000
E01004499,422500
E01004502,590000
E01004504,475050
E01004594,630000
E01004596,627526
E01004629,510000
E01004472,510000
E01004474,376250
E01004476,435000
E01004542,782500
E01004544,835500
E01004628,370000
E01004630,230000
E01004631,232500
E01004633,212000
E01004569,301250
E01004570,112000
E01004571,220000
E01004573,235000
E01004495,299950
E01004496,370000
E01004497,468500
E01004622,260000
E01004624,347500
E01004593,410500
E01004595,335000
E01004597,450000
E01004598,377500
E01004599,651923
E01004473,445000
E01004475,387500
E01004480,407750
E01004483,283500
E01004484,373000
E01004486,335000
E01004543,587000
E01004545,242500
E01004546,426638
E01004549,345000
E01004625,1250000
E01004626,352250
E01004632,295000
E01004634,269750
E01004635,250000
E01004636,447500
E01004637,276500
E01004481,287000
E01004488,397625
E01004547,604000
E01004548,239000
E01004482,410000
E01004485,399950
E01004487,377500
E01004489,353510
E01004490,386500
E01004491,213750
E01004492,395000
E01004498,398000
E01004532,300000
E01004611,460000
E01004612,338500
E01004618,479000
E01004531,300000
E01004533,265000
E01004610,342500
E01004613,245000
E01004614,249950
E01004615,305000
E01004616,249975
E01004617,317500
E01004525,274000
E01004526,250000
E01004527,312500
E01004528,217000
E01004529,255000
E01004530,250000
E01004516,437000
E01004518,316750
E01004519,266000
E01004520,290000
E01004523,400000
E01004517,249950
E01004521,250000
E01004522,240000
E01004524,160000
E01004647,655000
E01004649,1385000
E01004724,420000
E01004730,752500
E01004646,1050000
E01004648,499950
E01004650,950000
E01004710,315000
E01004711,352500
E01004651,473000
E01004725,435000
E01004726,625000
E01004728,482500
E01004729,381500
E01004718,429250
E01004719,470000
E01004720,498500
E01004721,277500
E01004722,352500
E01004674,320000
E01004675,330000
E01004677,408750
E01004678,337500
E01004679,307500
E01004723,305000
E01004676,405000
E01004706,645000
E01004707,707500
E01004708,440000
E01004756,420000
E01004701,595000
E01004703,797500
E01004705,715000
E01004709,517500
E01033600,968000
E01033608,517500
E01004659,531225
E01004660,745000
E01004712,813750
E01004727,625000
E01004670,377500
E01004702,295000
E01033598,390000
E01033601,490000
E01033602,310000
E01033603,404250
E01033604,195000
E01033605,295000
E01004754,340000
E01004755,355000
E01004757,497000
E01032512,432500
E01032513,340000
E01004713,825000
E01004714,815000
E01004716,650000
E01004717,680000
E01004762,973500
E01004657,1025000
E01004658,525000
E01004661,799950
E01004662,727500
E01004663,785000
E01004715,335000
E01004763,434000
E01004765,1000000
E01033595,760000
E01033596,1135000
E01004653,757500
E01004654,675000
E01004656,620000
E01004760,532500
E01033606,485000
E01033607,455000
E01004680,660000
E01004683,790000
E01004684,620000
E01004686,412500
E01033593,673000
E01033594,840000
E01004681,625000
E01004682,712500
E01004694,890000
E01004697,649975
E01004700,740000
E01004652,442500
E01004693,907500
E01004695,640000
E01004696,395000
E01004698,492475
E01004699,650000
E01004734,532500
E01004735,650000
E01004736,728900
E01004761,1553878
E01004687,1650000
E01004688,1250000
E01004689,2410000
E01004690,2090000
E01004691,1521100
E01004692,1735500
E01004731,767500
E01004732,425000
E01004733,715000
E01004744,627500
E01004748,978500
E01004740,384000
E01004743,684000
E01004745,550000
E01004746,305000
E01004747,610000
E01004742,540000
E01004749,680000
E01004751,957500
E01004752,493125
E01004753,451250
E01004666,375000
E01004667,435000
E01004668,612000
E01004750,592500
E01033597,897500
E01033599,641000
E01004665,325000
E01004669,320000
E01004737,1019975
E01004738,540000
E01004739,499950
E01004741,457500
E01000027,182500
E01000028,150000
E01000029,231000
E01000030,176500
E01000031,223750
E01000032,216000
E01000110,212000
E01000111,174000
E01000112,185000
E01000113,204500
E01000034,172500
E01000037,205000
E01000038,205000
E01000039,192500
E01000063,163500
E01000100,160500
E01000101,159500
E01000109,167500
E01000114,180000
E01000033,172000
E01000060,158000
E01000061,116500
E01000062,163000
E01000064,142500
E01000065,158750
E01000078,155748
E01000080,158750
E01000081,169000
E01000082,155000
E01000083,169000
E01000102,160000
E01000021,160000
E01000022,165000
E01000023,179995
E01000024,169500
E01000025,160500
E01000077,167250
E01000015,150000
E01000016,159995
E01000017,167500
E01000018,162000
E01000079,146000
E01000035,180000
E01000036,202500
E01000107,175000
E01000108,190000
E01000066,259748
E01000067,250000
E01000069,298000
E01000070,250000
E01000071,249995
E01000057,152500
E01000073,155000
E01000074,152000
E01000075,181500
E01000076,151000
E01000013,161000
E01000014,160000
E01000059,150998
E01000084,151000
E01000085,147750
E01000086,160000
E01000103,167500
E01000104,134925
E01000105,154500
E01000106,105000
E01000007,212000
E01000008,140000
E01000010,151475
E01000012,170000
E01000006,240500
E01000009,226500
E01000011,214000
E01000044,183000
E01000068,260000
E01000041,160000
E01000042,153500
E01000045,139500
E01000046,158000
E01000072,172750
E01000054,159500
E01000055,152000
E01000056,155000
E01000058,168000
E01000095,159750
E01000040,173000
E01000043,225000
E01000050,188500
E01000052,149500
E01000092,175000
E01000053,112000
E01000087,160000
E01000088,159000
E01000089,150000
E01000090,150000
E01000048,129000
E01000049,135000
E01000051,137000
E01033587,135000
E01033588,156000
E01000091,171250
E01000093,178500
E01000094,160000
E01000096,165000
E01000019,170000
E01000020,155000
E01000097,196500
E01000098,207000
E01000099,205000
E01032580,176500
E01000248,320000
E01000249,489000
E01000250,327500
E01000254,406250
E01000292,295000
E01000293,420000
E01000167,225000
E01000246,330000
E01000247,250000
E01000251,212250
E01000252,287000
E01000166,326000
E01000168,407500
E01000169,275000
E01000172,352498
E01000285,250000
E01000287,268750
E01000288,345000
E01000289,235000
E01000291,277475
E01000294,347325
E01000267,375000
E01000268,226450
E01000269,344500
E01000270,248475
E01000170,249000
E01000171,200000
E01000173,372500
E01000174,270000
E01000175,348500
E01000228,493000
E01000253,1100000
E01000279,700000
E01000280,830000
E01000286,245000
E01000290,437500
E01000271,340000
E01000272,870000
E01000273,320000
E01000281,225000
E01000282,450000
E01000115,457000
E01000116,340000
E01000119,434500
E01000120,505000
E01000122,365500
E01000117,319000
E01000118,355000
E01000121,302000
E01000123,277500
E01000124,265000
E01000265,220000
E01000266,609000
E01000274,291725
E01000320,462500
E01000322,233000
E01000275,330000
E01000277,299375
E01000283,705000
E01000284,295000
E01000321,293750
E01000195,175000
E01000229,312500
E01000230,322500
E01000231,205000
E01000232,421750
E01000233,331000
E01000186,486250
E01000187,395000
E01000188,592500
E01000189,271500
E01000190,465000
E01000191,499950
E01000158,258250
E01000159,495000
E01000160,310000
E01000161,250000
E01000162,378000
E01000324,405000
E01000256,323500
E01000258,420000
E01000263,760000
E01000264,290000
E01000255,326500
E01000257,265000
E01000261,552500
E01000262,390000
E01000192,307500
E01000193,420000
E01000194,319500
E01000226,218000
E01000227,350000
E01000299,220000
E01000300,317500
E01000302,250000
E01000317,286000
E01000318,405000
E01000323,220000
E01000276,572500
E01000278,605000
E01000301,495000
E01000303,600000
E01000304,273000
E01000130,232000
E01000132,230000
E01000133,236250
E01000234,415000
E01000235,286000
E01000156,307500
E01000157,207000
E01000163,171000
E01000164,261500
E01000165,369000
E01000315,285000
E01000197,400000
E01000295,515000
E01000296,273000
E01000298,304900
E01000125,221000
E01000127,232500
E01000128,245000
E01000129,228500
E01000131,248750
E01000134,230500
E01000198,482500
E01000199,472500
E01000204,340000
E01000259,365000
E01000260,286250
E01000126,219000
E01000151,200000
E01000152,174500
E01000153,228750
E01000154,215000
E01000176,321000
E01000178,509000
E01000184,225000
E01000297,266000
E01000316,250000
E01000319,290000
E01000196,323750
E01000200,318000
E01000201,1170000
E01000202,352500
E01000203,377500
E01000177,340000
E01000179,315000
E01000180,332500
E01000181,685000
E01000182,514000
E01000185,202000
E01000147,322000
E01000148,213250
E01000155,209000
E01033572,287450
E01033573,275500
E01000239,235000
E01000240,350000
E01000241,340000
E01000309,331000
E01000237,340000
E01000242,554975
E01000243,239000
E01000244,315000
E01000245,325000
E01000314,335000
E01000183,337500
E01000206,3175000
E01000207,1205000
E01000208,570000
E01000210,352500
E01000213,2193750
E01000236,310000
E01000238,375000
E01000310,392125
E01000311,655000
E01000205,575000
E01000209,665000
E01000211,342500
E01000212,600000
E01000216,648000
E01000217,650400
E01000150,224000
E01000305,250000
E01000306,330000
E01000308,250000
E01000312,245000
E01000313,250000
E01000145,580000
E01000215,390000
E01000218,543000
E01000219,601000
E01000220,425000
E01000225,465000
E01000135,440000
E01000136,1265000
E01000144,835000
E01000146,450000
E01000214,407000
E01000141,235000
E01000221,161000
E01000223,300000
E01000307,280000
E01000138,430000
E01000142,213750
E01000222,362000
E01000224,410250
E01000137,335000
E01000139,328250
E01000140,413500
E01000143,243750
E01000466,90500
E01000467,115250
E01000468,166500
E01000469,147000
E01000416,166000
E01000418,168500
E01000422,.
E01000464,110000
E01000465,82000
E01000470,119500
E01000333,155000
E01000335,161000
E01000336,122500
E01000337,155000
E01000338,170000
E01000403,195000
E01000404,128998
E01000405,158500
E01000408,159975
E01000332,148000
E01000402,210000
E01000406,145000
E01000407,161250
E01000334,227500
E01000417,247000
E01000419,226250
E01000420,222500
E01000442,241933
E01000437,220000
E01000438,180000
E01000439,181475
E01000440,238532
E01000441,166250
E01000373,140000
E01000429,99500
E01000430,170000
E01000431,165000
E01000432,167500
E01000433,171500
E01000434,145000
E01000356,250000
E01000357,259000
E01000359,250000
E01000421,250000
E01000450,212500
E01000451,191000
E01000452,221250
E01000367,177000
E01000368,173248
E01000372,180000
E01000380,116000
E01000435,162500
E01000353,280500
E01000354,215000
E01000355,237498
E01000358,234500
E01000436,250000
E01000401,198000
E01000453,221500
E01000454,210000
E01000455,235000
E01000456,220000
E01000325,262500
E01000326,177500
E01000369,208000
E01000370,230000
E01000371,209112
E01000360,212500
E01000362,189500
E01000365,194998
E01000366,233500
E01000394,237500
E01000388,237500
E01000392,210000
E01000409,225000
E01000411,234000
E01000414,189995
E01000415,294000
E01000327,265000
E01000328,249500
E01000329,227500
E01000330,197500
E01000331,225000
E01000340,225500
E01000395,299000
E01000396,237500
E01000410,219000
E01000412,225000
E01000413,214000
E01000374,172000
E01000375,175000
E01000376,190000
E01000377,157500
E01000378,186000
E01000379,195500
E01000348,329000
E01000349,250000
E01000361,220000
E01000363,250000
E01000389,275000
E01000390,208000
E01000393,221500
E01000346,201000
E01000347,210000
E01000350,288750
E01000352,168975
E01000391,207000
E01000341,212500
E01000342,215000
E01000343,245000
E01000345,241500
E01000460,355000
E01000364,336000
E01000444,360000
E01000447,275000
E01000448,386250
E01000449,303250
E01000351,248500
E01000443,230000
E01000445,293000
E01000446,215000
E01000461,350000
E01000339,265000
E01000344,246000
E01000423,304998
E01000425,312500
E01000463,270000
E01000424,203750
E01000426,223113
E01000427,210000
E01000457,170000
E01000462,184500
E01000382,330000
E01000384,193498
E01000387,250000
E01000428,202000
E01000458,290000
E01000459,197500
E01000381,187500
E01000383,271600
E01000385,187500
E01000386,171500
E01000398,195500
E01000399,240000
E01000400,221250
E01032566,170000
E01000587,340000
E01000589,320000
E01000590,332500
E01000592,382475
E01000593,297500
E01000594,240000
E01000513,334000
E01000514,275000
E01000516,281000
E01000520,189000
E01000588,300500
E01000515,190000
E01000517,410000
E01000543,325000
E01000591,297500
E01033463,340000
E01000536,530000
E01000538,515000
E01000539,390000
E01000540,300000
E01000541,330000
E01000518,338000
E01000519,282500
E01000623,398500
E01000624,304000
E01000629,298000
E01000480,460000
E01000484,244000
E01000485,270000
E01000486,365000
E01000487,298750
E01000572,380000
E01000573,325000
E01000574,285000
E01000575,320000
E01000577,202000
E01000562,530000
E01000563,499975
E01000566,367000
E01000568,300000
E01000569,375000
E01000479,550000
E01000481,215000
E01000482,243500
E01000483,180000
E01000625,250000
E01000498,305000
E01000622,154500
E01000626,261250
E01033464,301500
E01000497,300000
E01000499,332000
E01000501,228000
E01000502,240000
E01000503,401500
E01000570,285000
E01000571,411000
E01000576,355000
E01000578,248000
E01000564,240000
E01000565,350000
E01000607,258500
E01000608,268500
E01000613,230000
E01000506,235000
E01000509,326000
E01000510,229000
E01000511,447000
E01000627,249000
E01000628,350000
E01000553,285000
E01000554,290000
E01000555,645000
E01000556,300000
E01000557,264500
E01000558,580000
E01000567,220500
E01000606,259000
E01000609,265000
E01000611,257475
E01000615,145000
E01000617,262250
E01000618,287500
E01000619,270000
E01033424,240000
E01033457,367500
E01000504,328750
E01000505,555000
E01000507,380000
E01000512,480000
E01000559,324000
E01000610,182500
E01000612,230000
E01000631,262500
E01000633,310000
E01000634,230500
E01000616,243000
E01000620,282500
E01000621,271000
E01000635,245000
E01000636,249950
E01000596,245000
E01000601,225000
E01000602,235000
E01000603,198750
E01000604,237500
E01000605,.
E01000488,797500
E01000637,245000
E01000639,289950
E01000642,249000
E01000644,312500
E01000490,366250
E01000494,266000
E01000495,330762
E01000560,402916
E01000561,352500
E01000638,217000
E01000640,240000
E01000641,215000
E01000643,278000
E01000508,206000
E01000521,223000
E01000522,218000
E01000526,216500
E01000527,226500
E01000528,245750
E01000471,249000
E01000474,223000
E01000476,270000
E01000477,270000
E01000630,250000
E01000595,180000
E01000599,150750
E01000600,180000
E01033456,230000
E01000545,366475
E01000546,353800
E01000547,295000
E01000548,320500
E01000549,430000
E01000472,206000
E01000473,198000
E01000475,250000
E01000478,281500
E01000632,237000
E01000489,311250
E01000491,375000
E01000492,692500
E01000493,580000
E01000581,374975
E01000523,249975
E01000524,207500
E01000525,210000
E01000533,210000
E01000535,320000
E01033455,269000
E01033485,283784
E01000579,343000
E01000580,499950
E01000582,952000
E01000583,460000
E01000586,302500
E01000530,380000
E01000531,346000
E01000532,435000
E01000534,345000
E01000584,580000
E01000585,374975
E01000544,243000
E01000550,327500
E01000551,245000
E01000552,339250
E01000779,185000
E01000780,213750
E01000781,175000
E01000782,179000
E01000783,175500
E01000785,185500
E01000689,247950
E01000690,300000
E01000691,299950
E01000692,295000
E01000784,285000
E01000799,285000
E01000802,250000
E01000803,250000
E01000804,387500
E01000805,255000
E01000740,172000
E01000741,194745
E01000742,182750
E01000745,235000
E01000746,250000
E01000709,200000
E01000710,203500
E01000711,242975
E01000714,281000
E01000718,187250
E01000645,596000
E01000649,462500
E01000694,508900
E01000695,415000
E01000696,525000
E01000697,295000
E01000674,230750
E01000676,199975
E01000820,245500
E01000822,250000
E01000823,240000
E01000824,198000
E01000825,228000
E01000743,159000
E01000744,160000
E01000796,200000
E01000798,262500
E01000800,171000
E01000806,220000
E01000693,417500
E01000698,660250
E01000736,238000
E01000737,193500
E01000672,265000
E01000673,292500
E01000716,276000
E01000717,221500
E01000828,270000
E01000712,250000
E01000713,245500
E01000715,278250
E01000770,392000
E01000772,349995
E01000700,240000
E01000702,275000
E01000703,270000
E01000706,173750
E01000797,268288
E01000729,183750
E01000730,190000
E01000735,193000
E01000738,198250
E01000739,172000
E01000699,212250
E01000701,250000
E01000704,269000
E01000705,238000
E01000801,162000
E01000646,232500
E01000647,247498
E01000648,285000
E01000653,507500
E01000678,344000
E01000670,468000
E01000675,397500
E01000677,250000
E01000762,255000
E01000829,270000
E01000719,160000
E01000720,153500
E01000721,159000
E01000724,183500
E01000728,188000
E01000651,276475
E01000668,287500
E01000669,250000
E01000671,248750
E01000679,250000
E01000826,569950
E01000827,237500
E01000830,725000
E01000831,266250
E01000833,490000
E01000650,575000
E01000652,388750
E01000807,468000
E01000809,355000
E01000722,209995
E01000725,172250
E01000731,199000
E01000732,284000
E01000733,235000
E01000769,342250
E01000773,385000
E01000775,358500
E01000777,327500
E01000778,270000
E01000808,431250
E01000810,460000
E01000811,370000
E01000813,300753
E01000815,565000
E01000661,352495
E01000662,259000
E01000663,257000
E01000664,272500
E01000763,365000
E01000764,275000
E01000766,385000
E01000767,362500
E01000834,385000
E01000727,234400
E01000734,245000
E01000790,210000
E01000812,374500
E01000814,500000
E01000723,245000
E01000726,195500
E01000787,203500
E01000788,225998
E01000791,267500
E01000832,397500
E01000835,310500
E01000836,367500
E01000837,286000
E01000838,362616
E01000839,413266
E01000840,455000
E01000841,307500
E01000753,257500
E01000754,250000
E01000755,415000
E01000757,362500
E01000758,327525
E01000786,307500
E01000789,160750
E01000792,250000
E01000793,365000
E01000795,280000
E01000665,320000
E01000666,435000
E01000667,925000
E01000756,375500
E01000759,355000
E01000760,315000
E01000761,352500
E01000765,330000
E01000768,213750
E01000681,260000
E01000682,250000
E01000683,230000
E01000684,323500
E01000794,380000
E01000749,315000
E01000750,250000
E01000751,285000
E01000752,267000
E01000680,490000
E01000685,262500
E01000686,410000
E01000687,297998
E01000688,652500
E01000654,229125
E01000655,232000
E01000656,248000
E01000657,205000
E01000659,247500
E01000816,249998
E01000818,300000
E01000819,230000
E01032562,183000
E01032563,370000
E01000707,377500
E01000708,290000
E01000771,350000
E01000774,315000
E01032568,235000
E01000658,292500
E01000747,385000
E01000748,361500
E01032570,270000
E01001137,202500
E01001138,182500
E01001156,218500
E01001162,242500
E01001164,246875
E01001084,375000
E01001157,365000
E01001159,295000
E01001160,292500
E01001163,203000
E01001083,300000
E01001086,272500
E01001087,200000
E01001161,235000
E01001085,272475
E01001088,242500
E01001089,238750
E01001090,200000
E01001091,170000
E01001147,185000
E01001148,181250
E01001151,187500
E01001152,198000
E01001158,200000
E01001146,202500
E01001149,185000
E01001150,245000
E01001153,211000
E01001154,160000
E01001136,140000
E01001139,165000
E01001140,160000
E01001142,300050
E01001144,180000
E01001141,205000
E01001143,175000
E01001145,135000
E01001191,184000
E01001192,170000
E01000994,227500
E01000995,240000
E01000996,220000
E01000997,218750
E01000999,190000
E01001002,208250
E01000998,140000
E01001000,268500
E01001003,186000
E01001111,181100
E01001155,136500
E01001174,247750
E01001175,189500
E01001176,225000
E01001182,249000
E01001183,150000
E01001184,242500
E01001001,164250
E01001109,165000
E01001112,145250
E01001113,143000
E01001114,183750
E01001116,165000
E01000992,240000
E01001185,183500
E01001186,210000
E01001188,180000
E01001193,209500
E01001004,180000
E01001115,159000
E01001117,172500
E01001178,140000
E01001181,122500
E01001006,170000
E01001007,210000
E01001177,205000
E01001179,196938
E01001180,180000
E01000980,207500
E01000981,215000
E01000982,204000
E01000983,231250
E01001187,189975
E01000989,275000
E01000991,300000
E01001131,225000
E01001132,280000
E01001134,248500
E01001005,193500
E01001008,172500
E01001009,202500
E01001010,185000
E01001011,187500
E01001012,245000
E01001013,162000
E01001048,172500
E01001110,200000
E01001118,166500
E01000985,287500
E01000986,272500
E01000987,280000
E01000993,250000
E01000975,232500
E01000976,202000
E01000977,170000
E01000978,177500
E01000979,237475
E01000984,209000
E01001044,266000
E01001046,193500
E01001049,380000
E01001050,213000
E01001014,167995
E01001042,204000
E01001165,225500
E01001166,173000
E01001168,176000
E01001127,330000
E01001128,233800
E01001130,123000
E01001135,317000
E01001062,380400
E01001063,242500
E01001064,310000
E01001129,340000
E01001133,265000
E01001035,185500
E01001043,185000
E01001045,203000
E01001047,224750
E01001170,161000
E01001167,230000
E01001169,225000
E01001171,232000
E01001172,212750
E01001173,188000
E01001036,277500
E01001037,208000
E01001038,170000
E01001039,435000
E01001040,220000
E01001051,163000
E01001052,158000
E01001054,163000
E01001056,162000
E01001057,.
E01001033,239500
E01001034,195000
E01001041,210000
E01001095,220000
E01001100,330000
E01001053,163000
E01001055,105000
E01001077,215000
E01001078,182500
E01001082,189000
E01001120,248975
E01001122,388000
E01001123,345000
E01001124,425000
E01001125,300750
E01001058,213250
E01001059,160000
E01001060,185000
E01001061,153000
E01001065,169000
E01001066,197500
E01001119,244000
E01001126,242500
E01001032,425000
E01001101,377500
E01001102,322500
E01001107,415000
E01001108,357500
E01001076,198250
E01001079,185000
E01001080,172735
E01001081,169000
E01001073,248000
E01001092,364000
E01001093,212500
E01001096,402500
E01001097,196000
E01001098,417000
E01001028,575000
E01001029,430000
E01001030,427500
E01001031,447500
E01001094,768912
E01001103,342250
E01001105,256500
E01001106,282500
E01001121,360000
E01001069,262500
E01001070,249950
E01001075,239000
E01001099,248000
E01001015,355000
E01001016,239000
E01001023,190000
E01001067,380000
E01001074,242500
E01001068,360000
E01001071,267500
E01001072,535000
E01001104,297500
E01001017,395000
E01001024,220000
E01001025,267500
E01001026,249000
E01001027,482500
E01001018,303500
E01001019,355250
E01001020,250000
E01001021,212500
E01001022,270000
E01000990,198250
E01001189,185000
E01001190,198000
E01001194,204500
E01032569,225000
E01001269,255000
E01001271,250000
E01001309,265000
E01001310,249975
E01001311,250000
E01001307,275000
E01001308,320000
E01001312,250000
E01001313,290000
E01001314,272000
E01001315,233000
E01001316,190000
E01001317,168000
E01001318,182000
E01001320,192498
E01001321,240000
E01001270,250000
E01001319,250000
E01001322,279250
E01001323,180000
E01001341,270000
E01001342,273000
E01001343,287500
E01001345,250000
E01001265,237386
E01001266,315000
E01001267,197000
E01001272,312500
E01001349,282500
E01001344,202500
E01001346,252500
E01001347,266250
E01001348,266000
E01001257,230000
E01001324,184250
E01001326,185500
E01001330,138500
E01001332,162000
E01001325,250000
E01001327,250000
E01001328,193500
E01001329,177500
E01001331,124000
E01001258,250000
E01001262,167500
E01001263,224500
E01001264,240000
E01032743,151000
E01032744,203750
E01001276,260000
E01001277,250000
E01001278,250000
E01001280,282500
E01001218,172000
E01001260,227500
E01001261,240000
E01001268,292500
E01001209,540000
E01001211,286000
E01001279,585000
E01001281,515000
E01001217,250000
E01001259,209000
E01001291,257000
E01001292,277500
E01001293,245000
E01001196,225000
E01001238,200000
E01001239,225000
E01001246,291000
E01001247,419500
E01001210,266000
E01001282,250000
E01001283,246000
E01001285,270000
E01001286,275000
E01001287,277500
E01001294,231000
E01001295,248975
E01001296,250000
E01001297,159000
E01001298,265000
E01001204,412500
E01001205,247500
E01001206,495000
E01001207,295000
E01001208,499500
E01001212,363000
E01001222,270000
E01001224,360000
E01001226,305000
E01001227,670000
E01001228,366000
E01001221,280000
E01001223,298500
E01001225,484975
E01001235,301500
E01001236,395000
E01001273,500000
E01001274,540000
E01001275,337500
E01001195,376250
E01001197,308500
E01001198,480000
E01001199,300000
E01001284,343475
E01001288,374500
E01001289,270000
E01001290,291500
E01001213,207000
E01001214,250000
E01001215,250000
E01001216,229500
E01001361,157500
E01001240,363500
E01001241,332500
E01001242,550000
E01001243,246250
E01001244,235000
E01001245,335000
E01001200,435000
E01001201,682500
E01001202,290000
E01001203,290000
E01001351,260000
E01001359,220000
E01001360,240500
E01001362,228000
E01001363,229000
E01001364,175000
E01001365,248000
E01001231,355000
E01001234,299950
E01001350,545000
E01001352,384000
E01001354,412000
E01001249,314500
E01001250,221000
E01001255,408000
E01001383,403000
E01001388,402000
E01001389,280000
E01001219,170000
E01001220,150000
E01001334,167000
E01001337,282500
E01001338,165000
E01001339,227500
E01001340,150000
E01001251,348500
E01001252,284075
E01001253,372500
E01001254,344000
E01001229,250000
E01001230,394000
E01001232,345975
E01001233,360000
E01001237,458750
E01001386,535000
E01001303,460000
E01001382,622500
E01001384,420000
E01001385,459750
E01001387,300000
E01001353,293500
E01001355,296000
E01001356,194950
E01001357,123000
E01001358,253750
E01001375,705000
E01001377,1100000
E01001379,765000
E01001381,372000
E01001248,340250
E01001299,488750
E01001305,486000
E01001306,425975
E01001366,200000
E01001367,287000
E01001368,280000
E01001370,240000
E01001371,225500
E01001372,192500
E01001373,203750
E01001333,245000
E01001335,177000
E01001336,315000
E01001369,167500
E01001300,535000
E01001301,296500
E01001302,462500
E01001304,308000
E01001374,540000
E01001376,323250
E01001380,530000
E01032572,490000
E01001444,228500
E01001446,172500
E01001546,225000
E01001552,241000
E01001442,194000
E01001545,163500
E01001547,227500
E01001548,200000
E01001551,230000
E01001445,160000
E01001447,195000
E01001448,212500
E01001449,200000
E01033148,182500
E01033150,157000
E01001408,250000
E01001411,289000
E01001412,369995
E01001413,340500
E01001414,191500
E01001407,237000
E01001409,178000
E01001410,123000
E01001516,249000
E01001537,195000
E01001439,181498
E01001441,216000
E01001517,175000
E01001549,147500
E01001550,228000
E01001433,207000
E01001434,235000
E01001435,199000
E01001436,242500
E01001438,243500
E01001469,250000
E01001536,320000
E01001540,197500
E01001541,290750
E01001542,193750
E01001538,307500
E01001539,275000
E01001543,323000
E01001544,355000
E01001457,225000
E01001468,244250
E01001471,220000
E01001472,226250
E01001474,275000
E01001415,250000
E01001417,1047500
E01001418,452750
E01001422,1335000
E01001440,210000
E01001504,212000
E01001505,208500
E01001507,160000
E01001508,195000
E01001513,202500
E01001416,477000
E01001470,400000
E01001473,440000
E01001475,457500
E01001437,220000
E01001506,211500
E01001509,142500
E01001510,.
E01001405,226000
E01001406,211000
E01001450,210000
E01001512,222500
E01001515,180000
E01001401,310000
E01001478,230000
E01001484,235000
E01001511,240000
E01001514,220000
E01001518,265000
E01001451,320000
E01001452,635000
E01001453,465000
E01001454,297500
E01001476,183000
E01001477,208000
E01001481,232500
E01001502,230000
E01001503,218998
E01001520,280000
E01001522,248000
E01001523,292500
E01001524,465000
E01001526,270000
E01001419,250000
E01001420,297500
E01001421,245000
E01001519,222000
E01001525,301250
E01001398,379000
E01001399,308000
E01001400,393750
E01001402,317000
E01001403,277500
E01001455,363750
E01001456,547500
E01001564,370000
E01001567,557000
E01001568,625000
E01001569,332000
E01001479,205000
E01001482,226000
E01001487,202000
E01001489,213500
E01001491,210000
E01001459,219250
E01001460,183000
E01001462,156500
E01001480,247000
E01001488,208500
E01001483,118750
E01001485,188000
E01001486,152500
E01001492,220000
E01033146,227500
E01033151,131000
E01001404,352500
E01001493,294500
E01001494,300750
E01001496,366250
E01001570,380500
E01001423,247000
E01001425,182000
E01001428,235000
E01001461,240000
E01001464,250000
E01001521,365000
E01001531,472250
E01001532,530000
E01001533,524950
E01001535,680000
E01001495,248750
E01001498,257500
E01001563,203500
E01001565,335000
E01001566,274000
E01001424,175000
E01001426,177000
E01001427,228750
E01001429,129125
E01001430,177000
E01001463,225500
E01001465,238000
E01001466,185000
E01001467,210000
E01001497,265000
E01001499,305000
E01001392,335500
E01001528,187500
E01001529,165000
E01001530,295000
E01001534,418750
E01001431,118500
E01001432,192000
E01001555,204000
E01001557,201000
E01001558,190500
E01001559,180000
E01001394,259500
E01001395,207500
E01001397,217500
E01001500,371000
E01001556,284000
E01001560,230000
E01001390,304000
E01001391,357000
E01001393,230000
E01001396,249998
E01001501,235000
E01001527,272500
E01001458,135000
E01001553,185000
E01001554,106250
E01001562,123750
E01032574,212750
E01001690,157500
E01001692,157000
E01001693,170000
E01001694,149250
E01001687,150500
E01001688,161000
E01033739,147500
E01033740,167000
E01033741,161250
E01033743,207500
E01033745,166500
E01001575,161000
E01001576,162000
E01001577,153500
E01001578,156000
E01001579,173000
E01001709,129500
E01001711,120000
E01001712,88500
E01033731,228000
E01033734,253000
E01033735,151500
E01033736,275000
E01033737,215000
E01001705,81500
E01001706,108000
E01001708,316500
E01001710,163000
E01001713,.
E01001672,168500
E01001673,167000
E01001674,190750
E01001675,178750
E01001677,175000
E01001631,140000
E01001632,168000
E01001635,175000
E01001636,202500
E01033742,190000
E01033744,158750
E01001571,188000
E01001572,177000
E01001573,189250
E01001574,157000
E01001629,175000
E01001633,186500
E01001634,142500
E01001637,215000
E01001695,192000
E01001696,170000
E01001697,200000
E01001700,161500
E01001703,153000
E01001704,220000
E01001588,250000
E01001589,223000
E01001591,225250
E01001595,247500
E01001590,333500
E01001592,250000
E01001593,350000
E01001594,180000
E01001698,133000
E01001699,117000
E01001701,189000
E01001702,152000
E01001581,350000
E01001585,390000
E01001586,217000
E01001587,377500
E01001678,190000
E01001683,225000
E01001684,205000
E01001685,168000
E01001646,196225
E01001650,237500
E01001651,192500
E01001652,303500
E01001679,214995
E01001680,276250
E01001681,190000
E01001682,231500
E01001686,180000
E01001580,442500
E01001582,310000
E01001583,280000
E01001584,415000
E01001645,183000
E01001647,270000
E01001648,236250
E01001649,200000
E01001605,257500
E01001606,250000
E01001610,224750
E01001611,233500
E01001620,220500
E01001621,235000
E01001623,215000
E01001624,243250
E01001625,185000
E01001604,341000
E01001607,292000
E01001608,418000
E01001609,268000
E01001613,200000
E01001614,350000
E01001615,183500
E01001617,216000
E01001653,153000
E01001654,189500
E01001655,155250
E01001660,280000
E01001661,177475
E01001618,238750
E01001619,215500
E01033729,178000
E01001597,250000
E01001598,287500
E01001602,222500
E01001603,195000
E01001596,281246
E01001599,276000
E01001600,256000
E01001601,287000
E01001669,177000
E01001671,162100
E01001676,192500
E01032567,180900
E01001656,438675
E01001657,453000
E01001658,190000
E01001659,375000
E01033726,225000
E01001640,250000
E01033727,275000
E01033728,309500
E01033730,305000
E01001666,260000
E01001667,223000
E01001668,275000
E01033732,222000
E01033733,312500
E01001662,373000
E01001664,472500
E01001665,395000
E01033738,282500
E01001638,177500
E01001641,485000
E01001642,787500
E01001644,267500
E01033746,466500
E01002112,670000
E01002114,295000
E01002225,477228
E01002226,330000
E01002113,316500
E01002115,330000
E01002116,350000
E01002117,300000
E01002118,257500
E01002227,250000
E01002228,477650
E01002229,333000
E01002230,332500
E01002144,405500
E01002146,451000
E01002147,518500
E01002149,524000
E01002140,275000
E01002141,320000
E01002142,250000
E01002143,249000
E01002145,320000
E01002139,213000
E01002148,441250
E01002150,253975
E01002151,232500
E01002152,484975
E01002119,250000
E01002120,179950
E01002121,305000
E01002122,275000
E01002123,319000
E01002106,321500
E01002108,365000
E01002109,497000
E01002110,461250
E01002111,307500
E01002185,246000
E01002186,271750
E01002187,489000
E01002190,568000
E01002124,270000
E01002125,295000
E01002198,285000
E01002200,291000
E01002203,250000
E01002232,265000
E01002233,235000
E01002234,250000
E01002235,280000
E01002236,250000
E01002107,335000
E01002197,350000
E01002199,330000
E01002201,340000
E01002202,190000
E01002179,284500
E01002180,194975
E01002183,267500
E01002184,215000
E01002231,257500
E01002154,353500
E01002156,387500
E01002162,265000
E01002163,402500
E01002188,800000
E01002189,795000
E01002192,470000
E01002193,455000
E01002165,300000
E01002166,290000
E01002167,216000
E01002168,240000
E01002169,302500
E01002153,380000
E01002155,325500
E01002157,361250
E01002158,452500
E01002128,250000
E01002130,213250
E01002181,235000
E01002182,229000
E01002159,335000
E01002160,216250
E01002161,349950
E01002164,239000
E01002191,356000
E01002194,500000
E01002195,390000
E01002196,393000
E01002126,227500
E01002127,300000
E01002129,255050
E01002131,340000
E01002237,246000
E01002238,316400
E01002240,321000
E01002242,364750
E01002208,445000
E01002209,410000
E01002239,321500
E01002241,285000
E01002133,249000
E01002136,305000
E01002138,257500
E01002213,202500
E01002211,231000
E01002212,192000
E01002216,292225
E01002217,222750
E01002132,325000
E01002134,312500
E01002135,282500
E01002137,336500
E01002218,195000
E01002219,222000
E01002221,290000
E01002222,308000
E01002214,285000
E01002215,240250
E01002220,299500
E01002223,250000
E01002224,269000
E01002204,264000
E01002206,275000
E01002207,295000
E01002210,296000
E01032576,318000
E01002170,303500
E01002171,327250
E01002172,270000
E01002173,355000
E01002174,355000
E01002175,285500
E01002176,408000
E01002177,310000
E01002178,280000
E01002276,260000
E01002278,167500
E01002312,188000
E01002313,175000
E01002277,168000
E01002279,169995
E01002281,137000
E01002283,172000
E01002299,179750
E01002301,227250
E01002303,172500
E01002304,295000
E01002306,145500
E01002307,197500
E01002280,138000
E01002282,161000
E01002284,157000
E01002297,125000
E01002314,152500
E01002316,150000
E01002302,235000
E01002305,197000
E01002308,223000
E01002326,195000
E01002331,196000
E01002309,170250
E01002310,158500
E01002311,178000
E01002315,172000
E01002293,217498
E01002294,246500
E01002296,247500
E01002298,211500
E01002300,218500
E01002333,275000
E01002334,298500
E01002336,230000
E01002339,355000
E01002341,250000
E01002327,193500
E01002328,210000
E01002332,200000
E01002335,210000
E01002338,227500
E01002340,239998
E01002268,275000
E01002269,249998
E01002295,216000
E01002377,223750
E01002378,246500
E01002383,245000
E01002244,205000
E01002245,182500
E01002325,196950
E01002329,215000
E01002330,199000
E01002337,510000
E01002354,295000
E01002376,380000
E01002379,344500
E01002380,168000
E01002381,320000
E01002243,199000
E01002353,172000
E01002356,150000
E01032741,128000
E01032742,169250
E01002272,249999
E01002274,274500
E01002317,416500
E01002318,289750
E01002355,289500
E01002382,244000
E01002270,803500
E01002271,560000
E01002273,450000
E01002275,403500
E01002319,237000
E01002350,185000
E01002351,210000
E01002352,193500
E01002358,207250
E01002246,210000
E01002247,190500
E01002248,171500
E01002249,215000
E01002250,211275
E01002251,211000
E01002252,210000
E01002256,260000
E01002258,178750
E01002259,241000
E01002391,285000
E01002253,340000
E01002254,355000
E01002257,372500
E01002384,328000
E01002359,200000
E01002360,170000
E01002361,180000
E01002363,308500
E01002367,264500
E01002320,240000
E01002321,245000
E01002322,213000
E01002323,232000
E01002324,217750
E01002255,225000
E01002289,265000
E01002292,247498
E01002362,285000
E01002386,226250
E01002287,222500
E01002291,255000
E01002364,278000
E01002365,200000
E01002366,200000
E01002385,345000
E01002387,440000
E01002388,425000
E01002389,425000
E01002390,437500
E01002265,195500
E01002285,250000
E01002286,250000
E01002288,250000
E01002290,250000
E01002260,225000
E01002261,205000
E01002262,200000
E01002263,245000
E01002264,155000
E01002266,209250
E01002267,198748
E01002372,204500
E01002373,195500
E01002374,203750
E01002368,176500
E01002369,203000
E01002370,185000
E01002371,185000
E01002375,181500
E01002343,225000
E01002344,219498
E01002348,215500
E01002349,240000
E01002342,175000
E01002345,170300
E01002346,169250
E01002347,207500
E01002473,885000
E01002475,409200
E01002476,625000
E01002477,338500
E01002482,521250
E01002472,248500
E01002474,250000
E01002478,315000
E01002483,355000
E01002484,280000
E01002485,246000
E01002438,382500
E01002439,250000
E01002440,227000
E01002441,218750
E01002442,210000
E01002433,249999
E01002436,300500
E01002479,308500
E01002480,365000
E01002481,278000
E01002533,260000
E01002534,440000
E01002538,240500
E01002539,430000
E01002418,316000
E01002419,333475
E01002431,442475
E01002432,407475
E01002437,500000
E01002430,600000
E01002434,535000
E01002435,550500
E01002470,300000
E01002535,280500
E01002416,312000
E01002417,370000
E01002420,308750
E01002421,332000
E01002471,270000
E01002465,208000
E01002467,328750
E01002494,250000
E01002536,230000
E01002537,500000
E01002415,275000
E01002466,275000
E01002468,273475
E01002469,319000
E01002495,250000
E01002458,485000
E01002459,460000
E01002460,380500
E01002462,375000
E01002464,334000
E01002461,325000
E01002463,457500
E01002512,317500
E01002513,411500
E01002516,367000
E01002450,249975
E01002451,302000
E01002452,287000
E01002453,238000
E01002454,230000
E01002414,232500
E01002514,222950
E01002515,201000
E01033725,230000
E01002520,215000
E01002521,175000
E01002523,247000
E01033724,232500
E01002410,265000
E01002412,250000
E01002456,229250
E01002509,417500
E01002511,260000
E01002422,248475
E01002423,265500
E01002424,214750
E01002425,164500
E01002427,242500
E01002428,248000
E01002408,165000
E01002409,245000
E01002429,216000
E01002455,250000
E01002457,260000
E01002392,200000
E01002393,210000
E01002540,165000
E01002542,220000
E01002543,225000
E01002394,246250
E01002395,242000
E01002397,224000
E01002398,250000
E01002399,230000
E01002426,206250
E01002411,230000
E01002413,226000
E01002518,217500
E01002519,157000
E01002550,136500
E01002554,194475
E01002541,211000
E01002544,236500
E01002545,231000
E01002546,236500
E01002547,245000
E01002400,248000
E01002401,201500
E01002402,206500
E01002403,218500
E01002404,159500
E01002548,225000
E01002549,250000
E01002551,249950
E01002552,249000
E01002553,226000
E01002396,250000
E01002501,295000
E01002502,239000
E01002505,150000
E01002508,235250
E01002405,210000
E01002406,250000
E01002503,230500
E01002504,284995
E01002506,155000
E01002507,262000
E01002486,227500
E01002487,247500
E01002526,223000
E01002528,210000
E01002532,179777
E01002445,225000
E01002525,240000
E01002529,226000
E01002530,212500
E01002531,280000
E01002407,160000
E01002488,252500
E01002489,245000
E01002490,245000
E01002492,244975
E01002444,250000
E01002446,248140
E01002447,289230
E01002527,225500
E01002443,205500
E01002448,199950
E01002449,170000
E01002491,230000
E01002493,190000
E01002496,240000
E01002497,250000
E01002498,310000
E01002499,216000
E01032577,280625
E01002569,585000
E01002570,873000
E01002573,1145000
E01002574,538613
E01002575,695000
E01002562,425000
E01002564,301250
E01002566,342500
E01002568,235000
E01033081,270000
E01033082,249999
E01002620,167500
E01002625,343750
E01002626,355000
E01002627,186500
E01002631,192500
E01002633,226500
E01002634,232500
E01002637,170000
E01002638,246750
E01002563,448750
E01002565,288000
E01002567,250000
E01002684,317500
E01002686,262500
E01002571,650000
E01002572,352000
E01002577,512500
E01002578,872500
E01002689,663750
E01002690,512500
E01002576,496500
E01002579,362500
E01002580,485500
E01002581,322500
E01002582,701500
E01002675,453000
E01002678,350000
E01002679,345250
E01002680,274950
E01002619,286000
E01002622,287000
E01002632,293500
E01002635,178500
E01002636,291000
E01002618,310000
E01002621,243000
E01002623,285000
E01002628,230000
E01002629,225000
E01002630,265000
E01002639,335995
E01002640,250000
E01002674,250000
E01002676,424500
E01002583,247500
E01002584,244000
E01002585,250000
E01002586,255000
E01002589,172500
E01002668,220750
E01002669,237500
E01002681,246250
E01002682,250000
E01002683,312500
E01002642,207000
E01002643,259000
E01002645,245000
E01002658,290000
E01002677,256750
E01002587,210000
E01002588,230000
E01002660,305000
E01002661,300000
E01002665,125000
E01002624,177500
E01002646,249995
E01002662,285000
E01002663,205000
E01002664,235000
E01002641,272500
E01002648,205000
E01002649,230000
E01002657,294950
E01033083,226225
E01033084,225000
E01002653,273000
E01002654,242500
E01002655,265000
E01002656,279375
E01002659,291500
E01002667,413500
E01002670,277500
E01002671,370000
E01002672,195000
E01002673,192000
E01002647,227500
E01002650,200000
E01002651,244000
E01002652,301250
E01002666,250000
E01002555,212500
E01002556,198500
E01002590,227000
E01002592,166000
E01002595,209000
E01002557,220000
E01002558,170000
E01002559,220000
E01002560,229000
E01002561,125000
E01002591,227750
E01002593,212475
E01002594,240000
E01002611,226000
E01002612,221000
E01002613,246000
E01002598,232000
E01002599,203750
E01002600,222250
E01002603,209000
E01033000,174000
E01033030,168000
E01002604,189000
E01002605,163000
E01002606,157500
E01002607,197000
E01002615,220000
E01002596,136000
E01002601,203000
E01002602,226248
E01002614,199500
E01002616,242500
E01002608,238750
E01002609,229000
E01002610,244500
E01002617,195000
E01002687,320000
E01002691,455000
E01002692,380000
E01002693,341500
E01032573,315500
E01003006,500000
E01003007,447500
E01003008,425000
E01003009,319950
E01003010,660000
E01002952,1350000
E01002953,999999
E01002955,522000
E01002956,669250
E01002959,679000
E01002935,281250
E01002938,427000
E01002951,470000
E01002954,219000
E01002957,205000
E01002933,500000
E01002934,560000
E01002937,450000
E01003011,460000
E01033568,282725
E01033569,288500
E01002964,250000
E01002969,125000
E01002971,320000
E01002972,249725
E01002974,402475
E01002932,245000
E01002960,435000
E01002962,259975
E01002970,265000
E01002973,257000
E01002929,600000
E01002930,232500
E01002931,400000
E01002963,237500
E01002985,306250
E01002927,280000
E01002928,236250
E01002958,340000
E01002961,460000
E01002986,343500
E01002965,255000
E01002967,298750
E01002968,368950
E01002990,264000
E01002991,270000
E01002922,275000
E01002926,439950
E01002966,344975
E01002992,337500
E01002921,249975
E01002987,221000
E01002988,353500
E01002989,338000
E01002975,375000
E01002977,317500
E01002980,378250
E01002981,367500
E01002984,286000
E01002923,227500
E01002925,290000
E01002993,249950
E01002995,365000
E01002999,227000
E01002915,330000
E01002916,414500
E01002917,390000
E01002920,383000
E01002924,522500
E01002976,275000
E01002978,415000
E01002979,367500
E01002982,415000
E01002983,367500
E01002994,249975
E01002996,393750
E01002997,350000
E01002998,250000
E01003002,238975
E01002918,243000
E01002919,246000
E01003000,262500
E01003001,278500
E01003003,320000
E01002939,237500
E01002941,250000
E01002942,265000
E01003004,280000
E01003005,250000
E01002944,239975
E01002945,230000
E01002946,236500
E01002947,275000
E01002940,230000
E01002943,250000
E01002948,270000
E01002949,282500
E01002950,231475
E01003472,628750
E01003473,585000
E01003474,1210000
E01003475,250000
E01003478,570750
E01003460,1025001
E01003462,800000
E01003464,1155000
E01003465,1925500
E01003400,400000
E01003454,384975
E01003456,371000
E01003476,745500
E01003477,525000
E01003401,359750
E01003402,565000
E01003403,494450
E01003404,360000
E01003461,847500
E01003367,239500
E01003369,233000
E01003370,239500
E01003371,293500
E01003455,245000
E01003359,322500
E01003360,450000
E01003457,640000
E01003458,380000
E01003459,283000
E01003394,240000
E01003395,250000
E01003396,312500
E01003397,239000
E01003398,297500
E01003368,245000
E01003372,245000
E01003393,209500
E01003406,245000
E01003407,154500
E01003355,363000
E01003356,500000
E01003358,411100
E01003383,404750
E01003384,657500
E01003442,564750
E01003443,591000
E01003444,390000
E01003445,487500
E01003463,937500
E01003380,354000
E01003382,380000
E01003385,479975
E01003399,322500
E01003423,336250
E01003357,207500
E01003376,230000
E01003377,127500
E01003408,212500
E01003410,172500
E01003386,232500
E01003388,217500
E01003389,212500
E01003392,212500
E01003409,243000
E01003387,180975
E01003391,180000
E01003411,220000
E01003412,184000
E01003435,235000
E01003361,340000
E01003424,528000
E01003425,485000
E01003426,365860
E01003428,365000
E01003366,337500
E01003381,373500
E01003446,249950
E01003447,210000
E01003471,380000
E01003413,199000
E01003414,245000
E01003415,230000
E01003416,231250
E01003434,228000
E01003373,175000
E01003378,210000
E01003379,150000
E01003390,125000
E01003405,213475
E01003429,235000
E01003430,170000
E01003431,182000
E01003432,247475
E01003433,167500
E01003466,347500
E01003467,265000
E01003468,328500
E01003469,246875
E01003470,310000
E01003362,332500
E01003363,332500
E01003364,297000
E01003365,343500
E01003421,195000
E01003374,195000
E01003375,184600
E01003437,243500
E01003440,203000
E01003441,171250
E01003427,195000
E01003436,207500
E01003439,230000
E01003448,209000
E01003453,235000
E01003438,212000
E01003449,237750
E01003450,218750
E01003451,272500
E01003452,185000
E01003417,265000
E01003418,280000
E01003419,250000
E01003420,236000
E01003422,275000
E01003744,425000
E01003745,740000
E01003746,335000
E01003747,685000
E01003748,500000
E01003749,311000
E01003750,300000
E01003720,204500
E01003722,200000
E01003723,217500
E01003726,213500
E01003721,217000
E01003724,269000
E01003725,217500
E01003727,200000
E01003654,282500
E01003655,310000
E01003658,260000
E01003660,300000
E01003656,265250
E01003657,250000
E01003659,250000
E01003698,285000
E01003699,206000
E01003700,268000
E01003701,250000
E01003702,175000
E01003703,367500
E01003704,237000
E01003668,250000
E01003669,391000
E01003670,410000
E01003671,449995
E01003672,252500
E01003673,307000
E01003674,249995
E01003707,280000
E01003708,180000
E01003709,265000
E01003710,300000
E01003759,422500
E01003760,182500
E01003761,135500
E01003762,283500
E01003763,285000
E01003764,337875
E01003765,315000
E01003705,250000
E01003706,202498
E01003711,283500
E01003712,350000
E01003646,265000
E01003648,250000
E01003649,398000
E01003651,302275
E01003639,239000
E01003640,243000
E01003641,271000
E01003642,249999
E01003774,259000
E01003775,472500
E01003776,214000
E01003777,276000
E01003778,248000
E01003779,302000
E01003780,603500
E01003647,317125
E01003650,237500
E01003652,278000
E01003653,212500
E01003638,306000
E01003643,285000
E01003644,283000
E01003645,224000
E01003789,469000
E01003794,390000
E01003795,480000
E01003796,390000
E01003661,233000
E01003662,142000
E01003663,233500
E01003664,246000
E01003665,235000
E01003666,136000
E01033590,145000
E01033592,249000
E01003751,273000
E01003753,202500
E01003754,250000
E01003757,191000
E01003769,245000
E01003770,285000
E01003771,235000
E01003773,265500
E01003752,304998
E01003755,268000
E01003756,250000
E01003758,148750
E01003766,244000
E01003767,246000
E01003768,179750
E01003772,249995
E01003781,181250
E01003782,240000
E01003786,305000
E01003787,271000
E01003790,395000
E01003791,440000
E01003792,451000
E01003793,210000
E01003783,145000
E01003784,250000
E01003785,175000
E01003788,181000
E01003683,225000
E01003684,225000
E01003685,215000
E01003686,250000
E01003688,295000
E01003689,58000
E01033589,153500
E01033591,201000
E01003737,310000
E01003738,276000
E01003739,250000
E01003740,269000
E01003741,275000
E01003742,242000
E01003743,230000
E01003728,193250
E01003729,240000
E01003730,249995
E01003732,143000
E01003733,202500
E01003731,243043
E01003734,247500
E01003735,159500
E01003736,217500
E01003713,270000
E01003714,222000
E01003715,250000
E01003716,320000
E01003718,222500
E01003719,250000
E01032581,172498
E01003690,214500
E01003691,331000
E01003692,323500
E01003693,374995
E01003694,325000
E01003695,175000
E01003696,303750
E01003697,360000
E01003675,309000
E01003676,345000
E01003677,325000
E01003678,350000
E01003679,333250
E01003680,320000
E01003681,275000
E01003682,323000
E01003797,1527500
E01003798,469999
E01003799,1310000
E01003800,472500
E01003801,740000
E01003802,715000
E01003803,430000
E01003846,906250
E01003847,378750
E01003849,587500
E01003851,817000
E01003860,620000
E01003864,396500
E01003852,380000
E01003853,990000
E01003854,499950
E01003855,418000
E01003856,407500
E01003857,585000
E01003858,745000
E01003848,390000
E01003861,477475
E01003862,422500
E01003863,555000
E01003865,483750
E01033570,460000
E01033571,620000
E01003804,499999
E01003807,402500
E01003808,540000
E01003809,1100000
E01003859,730000
E01003873,367001
E01003874,491875
E01003875,485000
E01003878,680000
E01003866,613750
E01003868,385000
E01003871,522500
E01003872,321000
E01003821,475000
E01003876,674500
E01003877,566500
E01003879,679000
E01003892,500000
E01003893,413750
E01003894,660000
E01003895,492500
E01003905,323500
E01003906,260000
E01003907,292500
E01003908,325000
E01003909,380000
E01003867,460000
E01003869,352500
E01003870,525000
E01003910,345000
E01003805,975000
E01003806,1260500
E01003816,965000
E01003817,272000
E01003840,265000
E01003841,190000
E01003842,274950
E01003843,300000
E01003844,445000
E01003845,357500
E01003882,520000
E01003883,374950
E01003896,297500
E01003897,385000
E01003898,333750
E01003899,328750
E01003900,327000
E01003901,350000
E01003902,335000
E01003903,357500
E01003904,333750
E01003880,692500
E01003881,372000
E01003884,457000
E01003885,267500
E01003818,350000
E01003819,249950
E01003820,394975
E01003811,419950
E01003812,359475
E01003890,315000
E01003891,361000
E01003810,522500
E01003813,555000
E01003814,287500
E01003815,360000
E01003828,385000
E01003829,228250
E01003830,355000
E01003831,265000
E01003832,247000
E01003833,240000
E01003886,362500
E01003887,420000
E01003888,385000
E01003889,454975
E01003834,345000
E01003835,712475
E01003836,390000
E01003837,390000
E01003838,442500
E01003839,322500
E01003822,640000
E01003823,294000
E01003824,475000
E01003825,407500
E01003826,349950
E01003827,375000
E01004125,203000
E01004183,177500
E01004184,185000
E01004185,167000
E01004189,195500
E01004123,186000
E01004124,197475
E01004126,190000
E01004128,193500
E01004129,185000
E01004130,250000
E01004131,241000
E01004134,268500
E01004135,294538
E01004136,250000
E01004164,230000
E01004166,177000
E01004169,163500
E01004186,160000
E01004188,170000
E01004127,202500
E01004163,217000
E01004165,228000
E01004167,250000
E01004187,205350
E01004117,310000
E01004121,286500
E01004192,250000
E01004193,282500
E01004195,278500
E01004144,268750
E01004145,235000
E01004146,211000
E01004147,285000
E01004116,342000
E01004122,290000
E01004190,261900
E01004191,250000
E01004194,227000
E01004196,259500
E01004115,248950
E01004118,242500
E01004119,284950
E01004132,269975
E01004133,270000
E01004171,275000
E01004172,160000
E01004173,250000
E01004175,227500
E01004176,220000
E01004076,198000
E01004077,233750
E01004078,190000
E01004079,277500
E01004080,307500
E01004081,240000
E01004082,275000
E01004137,199250
E01004140,152500
E01004141,162500
E01004142,173000
E01004149,180000
E01004101,282475
E01004103,180000
E01004138,235000
E01004139,204000
E01004168,250000
E01004143,217000
E01004148,225000
E01004159,212250
E01004160,220000
E01004161,250000
E01004097,286250
E01004098,280000
E01004099,209000
E01004100,325000
E01004102,249950
E01004110,250000
E01004111,300000
E01004112,540000
E01004120,356500
E01004157,405500
E01004087,380000
E01004170,172500
E01004174,230750
E01004178,160000
E01004179,280000
E01004152,185000
E01004155,208500
E01004156,172000
E01004158,243500
E01004162,204975
E01004083,151550
E01004086,250000
E01004088,167750
E01004089,153500
E01004182,237475
E01004104,360000
E01004107,225000
E01004177,162500
E01004180,444975
E01004181,224000
E01004090,166500
E01004096,182500
E01004150,190000
E01004151,219750
E01004153,186250
E01004091,495000
E01004092,227500
E01004105,400000
E01004106,665000
E01004154,390000
E01004084,478500
E01004085,437475
E01004108,245500
E01004109,189000
E01004093,395000
E01004094,261000
E01004095,262000
E01004114,882500
E01032623,657500
E01004349,240000
E01004350,247500
E01004351,250000
E01004356,291000
E01004357,299998
E01004352,325000
E01004353,312500
E01004354,250000
E01004358,190750
E01004359,325000
E01004384,213000
E01004385,228750
E01004386,335000
E01004389,234000
E01004390,224000
E01004355,197500
E01004360,306500
E01004413,267500
E01004415,250000
E01004416,275000
E01004361,286000
E01004414,250000
E01004417,255250
E01004451,285000
E01004452,191750
E01004450,250000
E01004453,174000
E01004454,218000
E01004455,205596
E01004456,250000
E01004379,275250
E01004380,250000
E01004381,250000
E01004383,295000
E01004387,332500
E01004388,218750
E01004343,250000
E01004344,236000
E01004382,250000
E01004418,250000
E01004419,250000
E01004398,185000
E01004399,209000
E01004400,220000
E01004402,172500
E01004403,220000
E01004345,215000
E01004348,234000
E01004377,285000
E01004378,300000
E01004342,237500
E01004346,245000
E01004347,232500
E01004460,220000
E01004462,240000
E01004396,245000
E01004457,190000
E01004458,240000
E01004459,247500
E01004463,188000
E01004407,120000
E01004410,239975
E01004464,272500
E01004469,159000
E01004470,235000
E01004471,175000
E01004391,176500
E01004393,170000
E01004401,217000
E01004404,161500
E01004461,230000
E01004412,282850
E01004465,307500
E01004466,322000
E01004467,126000
E01004468,286750
E01004406,202500
E01004408,242500
E01004409,249999
E01004411,235000
E01004443,260000
E01004447,250000
E01004392,250000
E01004394,196000
E01004397,227500
E01004444,182000
E01004446,222500
E01004395,245000
E01004421,250000
E01004445,244000
E01004448,200000
E01004449,212000
E01004363,250000
E01004364,250000
E01004366,285000
E01004367,260000
E01004368,250000
E01004365,232000
E01004405,261250
E01004420,248500
E01004423,250000
E01033153,130000
E01004362,247500
E01004436,235000
E01004437,244100
E01004439,257500
E01004442,326000
E01004422,240000
E01004424,239000
E01004425,175000
E01004426,221000
E01004427,155000
E01004369,186250
E01004370,246000
E01004372,193750
E01004432,209000
E01004435,204000
E01004333,208500
E01004334,200000
E01004438,290000
E01004440,224500
E01004441,224000
E01004371,283250
E01004373,181000
E01004374,240000
E01004375,219998
E01004376,236000
E01004336,175000
E01004428,227000
E01004429,212500
E01004430,177500
E01004434,163000
E01004335,237500
E01004337,211000
E01004338,253000
E01004339,245000
E01004340,141000
E01004341,198000
E01004327,198000
E01004328,223250
E01004329,230000
E01004330,230000
E01004331,202500
E01004332,210500