LSOAs,Median_houseP
E01000907,415
E01000908,282.5
E01000909,435
E01000912,500
E01000913,1000
E01000893,740
E01000894,975
E01000895,760
E01000896,922.5
E01000899,1526.896
E01000910,509
E01000911,425
E01000921,342.495
E01000923,480
E01000928,346.5
E01000878,725
E01000879,812.5
E01000880,930.5
E01000884,1030
E01000885,1572.5
E01000871,650
E01000872,342.475
E01000873,560
E01000874,615
E01000877,845
E01000886,442.5
E01000887,419
E01000888,495
E01000892,525
E01000903,560
E01000889,275
E01000890,221
E01000891,275.75
E01000901,275
E01000922,387.5
E01000927,537.55
E01000881,546.436
E01000882,837.5
E01000883,620
E01000897,733.75
E01000898,765
E01000866,429.25
E01000870,375
E01000924,460
E01000925,350
E01000926,730
E01000969,490
E01000970,496
E01000971,507.5
E01000972,485
E01000973,380.95
E01000842,725
E01000844,650
E01000848,765
E01000849,525
E01000900,370
E01000902,275
E01000904,325
E01000905,351.5
E01000906,440
E01000875,335.75
E01000876,330
E01000931,320
E01000932,388
E01000974,340
E01000843,675
E01000845,525
E01000846,1077.5
E01000847,530
E01000864,510
E01000865,435
E01000867,374.975
E01000868,267.5
E01000869,406
E01000962,497.475
E01000964,560
E01000965,454.75
E01000966,677.5
E01000968,437
E01000960,397.5
E01000961,491
E01000963,645
E01000967,865
E01000857,690
E01000858,440
E01000859,895
E01000860,590
E01000862,632.5
E01000856,320
E01000861,390
E01000957,320
E01000958,343
E01000959,306
E01000929,392.5
E01000930,320
E01000933,475
E01000934,287
E01000935,505
E01000863,487.5
E01000946,560.775
E01000947,400
E01000948,690
E01000952,350.6
E01000953,370
E01000954,371
E01000955,317.5
E01000956,430
E01000944,355
E01000945,340
E01000949,356.5
E01000950,220
E01000951,289
E01000936,308.75
E01000938,385
E01000939,385
E01000940,390
E01000853,465
E01000937,300
E01000941,330
E01000942,332.5
E01000943,370
E01000850,885
E01000851,469
E01000852,330
E01000854,580
E01000915,480
E01000916,522.5
E01000917,320
E01000920,637.5
E01000855,225
E01000914,468
E01000918,650
E01000919,635.175
E01000001,505
E01000002,525
E01000003,350
E01000005,300
E01032739,447.5
E01032740,420
E01001808,307
E01001809,450
E01001814,245
E01001823,212.498
E01001825,207.5
E01001714,279.5
E01001811,320
E01001813,160
E01033701,192.5
E01001799,225
E01001802,226
E01001804,390
E01001807,343
E01001812,251
E01001725,410
E01001726,175
E01001800,232.5
E01001824,240.5
E01001826,335
E01001723,337.5
E01001724,260
E01001727,337.5
E01001768,355
E01001769,278
E01001715,330
E01001716,240
E01001717,376
E01001718,325
E01001719,230
E01001720,340
E01001742,353.75
E01001801,210.25
E01001803,367.5
E01001806,249.95
E01001741,570.133
E01001805,270.105
E01001829,475
E01001831,357.5
E01001832,485
E01001764,246.1
E01001765,223
E01001767,330
E01001770,247.75
E01033703,291.5
E01033713,245
E01001792,400
E01001793,425
E01001794,330
E01001795,187.5
E01001796,342
E01001736,359.498
E01001737,360
E01001738,270
E01001739,350
E01001786,166
E01001787,236
E01001788,162.5
E01001790,142.5
E01001740,215
E01001747,283
E01001830,368.495
E01001833,347.5
E01001834,295.5
E01001835,328.5
E01001733,410
E01001785,385
E01001789,360
E01001791,380.75
E01001745,239.5
E01001746,285
E01001757,154
E01001758,220
E01001759,275
E01001761,280
E01001731,190
E01001734,287
E01001760,250
E01001762,325
E01001846,279
E01001847,221.5
E01001848,305
E01001849,222
E01001729,145
E01001730,#VALUE!
E01001732,145.614
E01001735,275
E01001838,167.5
E01001850,210
E01001748,262
E01001749,322
E01001763,425
E01001816,671
E01001819,475.5
E01001744,345
E01001750,320
E01001751,590
E01001756,298.5
E01033698,250
E01033699,386.25
E01033700,315
E01033707,295
E01001836,365
E01001840,275
E01001841,472.5
E01001844,436.75
E01001845,250
E01001837,305.75
E01001839,325
E01001842,324
E01001843,370
E01033704,329
E01033712,304.998
E01001772,220
E01001774,265
E01001775,280
E01001815,345
E01001820,250
E01001821,275
E01001752,470
E01001753,312.5
E01001754,312.55
E01001755,250
E01001773,280
E01001776,332.5
E01001779,330
E01001781,250
E01001782,425
E01001783,195
E01001777,295
E01001780,275
E01001784,253.5
E01033706,425
E01033708,465
E01033709,285
E01033711,347.5
E01001798,192.5
E01001828,175
E01033702,341.5
E01033705,285
E01033710,220
E01001722,274.85
E01001728,182.5
E01001822,270
E01001827,167.5
E01001874,385
E01001875,265
E01001876,260
E01001877,190
E01001878,290
E01001955,445.5
E01001957,190
E01001958,210
E01001961,192
E01001954,499.999
E01001956,461.5
E01001959,360
E01001960,355
E01001943,557.5
E01001944,249
E01001945,337.5
E01001946,407.5
E01001862,340
E01001940,298.225
E01001941,315
E01001942,321.25
E01001858,250
E01001860,257.5
E01001861,321.3
E01001863,496.625
E01001864,609
E01001852,375
E01001853,357.475
E01001854,295
E01001857,204
E01001859,362.5
E01001865,447.5
E01001927,1250
E01001930,400
E01001895,470
E01001896,405
E01001897,862.5
E01001929,650
E01001851,800
E01001855,427.5
E01001856,1512.5
E01001869,1500
E01001873,362.5
E01001928,864
E01001931,290
E01001932,486
E01001933,415
E01001866,630
E01001867,330
E01001868,306
E01001870,379.25
E01001871,517.25
E01001872,395
E01001893,320
E01001894,485
E01001898,466.25
E01001899,360
E01001900,582.85
E01001889,457
E01001910,322
E01001913,472.5
E01001914,345
E01001885,200
E01001908,410
E01001909,385
E01001911,352.5
E01001912,310.485
E01001886,675
E01001887,380
E01001890,321
E01001892,420
E01001880,399.95
E01001881,647.25
E01001882,555
E01001883,455
E01001884,412.07
E01001888,637.5
E01001891,390
E01001917,520
E01001918,495
E01001919,760
E01001879,495.75
E01001901,873.501
E01001902,472.5
E01001903,427.5
E01001920,345
E01001921,902.5
E01001922,1250.876
E01001923,622.5
E01001924,970
E01001947,325
E01001948,506.25
E01001949,595
E01001950,730
E01001951,415
E01001953,552.5
E01001904,565
E01001905,528
E01001906,475
E01001907,995
E01001935,456.5
E01001939,460
E01032788,480
E01032789,407.45
E01032790,650
E01001915,618
E01001916,760
E01001926,1240
E01001952,437
E01001925,1580
E01001934,699.95
E01001937,810
E01001938,498.75
E01001969,250
E01001971,360
E01001974,300
E01001975,212.5
E01002036,181
E01002037,165.5
E01002039,110
E01002040,225
E01001962,399.75
E01001970,188.5
E01001972,360
E01001973,460
E01002090,250
E01002093,186.25
E01002096,228
E01002097,215.5
E01002091,219
E01002092,136
E01002094,216
E01002095,212.5
E01002098,284
E01002101,250
E01002102,345
E01002105,317.5
E01002099,162.5
E01002100,212
E01002103,280
E01002104,270
E01001963,692.5
E01001964,315
E01001965,557.5
E01001966,677.5
E01002027,285
E01002028,275
E01002032,222.5
E01002033,272.5
E01001976,191
E01001977,187.5
E01001978,150
E01001979,160
E01002074,152.25
E01002077,206
E01002079,223
E01002081,193.975
E01002082,#VALUE!
E01002086,288.5
E01002088,310
E01002089,#VALUE!
E01001967,626.25
E01001968,465
E01001996,269
E01001997,380
E01002075,193
E01002076,210
E01002078,147
E01002080,223
E01002026,226
E01002029,198
E01002030,361.25
E01002031,299
E01001991,392
E01001992,942.5
E01001993,1079.5
E01001995,408
E01001980,242.5
E01001981,220.971
E01001982,218.25
E01001983,250
E01002083,310
E01002084,241.5
E01002085,285
E01002087,325
E01002014,332.5
E01002015,282.5
E01002018,338
E01033085,215
E01033086,228.32
E01002020,325
E01002022,312.5
E01002023,485
E01002025,1080
E01002013,397.475
E01002019,600
E01002021,825
E01002024,630
E01001998,283.5
E01001999,287.5
E01002003,254.188
E01002004,381
E01002067,245
E01002069,231
E01002070,215
E01002073,217
E01002066,154
E01002068,180
E01002071,175
E01002072,128.5
E01002043,245
E01002045,245
E01002046,230
E01002049,238.5
E01002042,310
E01002044,385
E01002047,208.325
E01002048,295
E01002016,300
E01002017,308.5
E01002059,499.999
E01002060,405
E01002050,313.5
E01002051,321.75
E01002052,395
E01002055,406.25
E01001994,310
E01002008,1116.634
E01002010,505
E01002011,427.5
E01002000,286
E01002001,353.5
E01002002,310
E01002058,300
E01002053,209.5
E01002054,195
E01002056,235
E01002057,315
E01001984,330
E01001985,432.74
E01001987,492.5
E01001989,670
E01001986,755
E01001988,361.25
E01001990,363.75
E01002062,308.475
E01002005,380
E01002006,330
E01002007,632.5
E01002009,540
E01002061,323
E01002063,295
E01002064,270
E01002065,360
E01002034,105
E01002038,142
E01002041,210
E01032575,158
E01002755,288.75
E01002756,373.75
E01002758,217.5
E01002804,360
E01002807,267.5
E01002811,367
E01002753,261
E01002754,721.25
E01002757,655
E01002759,422.5
E01002760,235
E01002772,297.5
E01002735,249.995
E01002805,335
E01002806,412.5
E01002808,294.475
E01002809,390
E01002810,361.25
E01002768,287.5
E01002770,393.5
E01002771,510
E01002773,194.95
E01002774,332.475
E01002732,250
E01002734,290
E01002736,229.25
E01002737,270
E01002751,250
E01002742,520
E01002747,635
E01002748,325
E01002749,452.5
E01033493,342.5
E01033494,488
E01002730,330
E01002731,276
E01002733,342.5
E01002763,250
E01002769,575
E01002785,418
E01002788,385
E01002789,395
E01002738,480
E01002741,255
E01002743,465
E01002744,483.75
E01002752,400
E01002764,320.5
E01002783,320
E01002784,300.498
E01002786,326.5
E01002787,205
E01002762,405
E01002767,380
E01033486,427.5
E01033487,343.75
E01033488,487.5
E01033491,343
E01033492,345
E01002777,425
E01002778,250
E01002779,350
E01002781,377.95
E01002782,345
E01002739,545
E01002740,430
E01002745,542.5
E01002795,499.95
E01002796,359.5
E01002716,280
E01002718,440
E01002721,487.5
E01002775,505.5
E01002776,385
E01002780,400
E01002708,345
E01002712,381.25
E01002713,235
E01002765,223
E01002766,212.5
E01002717,395
E01002719,584.5
E01002720,306.5
E01002790,660
E01002791,545.14
E01002793,351
E01002698,435
E01002699,596.475
E01002700,620
E01002714,340
E01002792,555
E01002722,327
E01002797,364.5
E01002798,650
E01002799,320
E01002800,1080
E01002694,287.5
E01002697,276
E01002709,322
E01002710,398.875
E01002715,265
E01002696,420
E01002794,600
E01002801,638
E01002802,605
E01002803,505
E01002695,425
E01002711,440
E01002727,557.5
E01002728,482.5
E01002729,465.475
E01002707,330
E01002723,335.975
E01002724,470
E01002725,390
E01002726,399.95
E01033489,505
E01033490,359.5
E01002701,407.5
E01002702,345.5
E01002703,467.5
E01002704,470
E01002706,385
E01002852,265
E01002853,1030
E01002854,320
E01002855,347.5
E01002857,166.25
E01002904,#VALUE!
E01002905,325.5
E01002906,527.14
E01002907,#VALUE!
E01002876,1200
E01002877,654.5
E01002878,395
E01002908,590
E01002909,430
E01002829,550
E01002830,625
E01002831,540
E01002832,837.5
E01002856,420
E01002870,380
E01002872,962.5
E01002879,387.5
E01002880,190
E01002881,1080
E01002882,900
E01002883,740
E01002884,840
E01002885,780
E01002886,967.5
E01002833,693.75
E01002871,1750
E01002873,580
E01002874,460
E01002875,843.449
E01002824,900
E01002825,1100
E01002826,665
E01002827,1750
E01002828,1380
E01002864,2175
E01002866,525
E01002867,657.5
E01002868,1750
E01002869,462
E01002887,885
E01002889,1225
E01002890,2017.5
E01002891,1127.5
E01002892,999.999
E01002813,1400
E01002815,615
E01002816,1450
E01002817,1322.5
E01002865,1775
E01002818,1263.5
E01002819,1100
E01002859,1400
E01002860,2000
E01002863,1522.5
E01002812,825
E01002834,740
E01002839,780
E01002850,850
E01002888,910
E01002821,1004
E01002823,1850
E01002858,435
E01002861,1284.4
E01002862,250
E01002814,689.5
E01002847,512.5
E01002848,530
E01002851,505
E01002820,955
E01002822,1800.5
E01002835,1050
E01002836,842.5
E01002837,1400
E01002846,460
E01002849,675
E01002893,560
E01002894,570
E01002898,985
E01002899,599
E01002900,1585
E01002901,950
E01002902,850
E01002903,3377
E01002844,1185
E01002845,747.5
E01002910,905
E01002911,2712.5
E01002914,1130
E01002838,1026
E01002895,1237.5
E01002896,765
E01002897,400
E01002912,765
E01002840,495
E01002841,680
E01002842,299.95
E01002843,472.5
E01002913,732.5
E01003015,258.475
E01003108,225
E01003110,357.5
E01003111,252.075
E01003112,353
E01003101,235
E01003105,260
E01003106,378
E01003107,470
E01003109,355
E01003102,367
E01003104,310.5
E01003122,370
E01003129,290
E01033207,295
E01033208,600
E01003098,670
E01003099,247.5
E01003100,271.25
E01003180,347.5
E01003183,394.62
E01003097,248.75
E01003121,215
E01003123,346
E01003124,231
E01003125,191
E01003181,295
E01003184,205
E01003185,305
E01003186,332.5
E01003187,220
E01003089,207
E01003091,245
E01003092,260
E01003126,215
E01003128,205
E01003046,195
E01003048,147
E01003075,360
E01003182,274.75
E01003188,200
E01003088,389
E01003093,228.75
E01003094,436.25
E01003096,317.5
E01003127,378
E01003045,193.75
E01003047,256.5
E01003049,258.25
E01003059,190
E01003060,174
E01003061,267
E01003034,255
E01003035,358
E01003036,359.754
E01003090,381.5
E01003095,335
E01003037,355
E01003038,475
E01003039,407.5
E01003040,340
E01003042,310
E01003072,550
E01003073,374.75
E01003076,230
E01003077,250
E01003078,360
E01003019,360
E01003053,406.5
E01003054,375
E01003056,339.563
E01003058,312.5
E01003020,338.5
E01003050,292.475
E01003052,188
E01003055,291.25
E01003176,187.475
E01003029,350
E01003032,305.264
E01003041,242
E01003057,340
E01003043,371
E01003044,212
E01003051,272.5
E01003071,401.625
E01003074,327.5
E01003026,490
E01003027,892.5
E01003028,380
E01003030,348.5
E01003033,755
E01003018,285
E01003171,247
E01003173,305
E01003177,342.5
E01003178,342.75
E01003021,290
E01003022,250
E01003023,250
E01003024,164.5
E01003025,245
E01003136,187.5
E01003137,161.5
E01003159,223.75
E01003160,675
E01003162,184.975
E01003031,420
E01003156,369
E01003157,636.278
E01003158,412.5
E01003161,627
E01003163,400
E01003132,204.5
E01003172,196
E01003174,220
E01003175,215
E01003179,198.5
E01003164,245
E01003165,387.5
E01003168,249
E01003169,285
E01003170,400.5
E01003130,227
E01003131,322.5
E01003135,265
E01003138,365
E01003151,200.75
E01003079,192
E01003080,244.95
E01003133,250
E01003134,305
E01003152,310
E01003064,317.95
E01003066,216
E01003081,315
E01003166,217.5
E01003167,461.5
E01003116,249.999
E01003117,250
E01003118,241.5
E01003153,225
E01003155,317.5
E01003083,406
E01003084,252.375
E01003085,342.25
E01003149,210
E01003154,250
E01003065,209
E01003068,299
E01003082,187.25
E01003086,172.5
E01003087,158
E01003113,228.25
E01003114,242
E01003119,237.5
E01003120,222.5
E01003148,247.5
E01003150,175.75
E01003062,222.5
E01003063,214
E01003067,413
E01003069,230
E01003070,249
E01003115,293.75
E01003141,250
E01003144,495
E01003145,201.25
E01003147,250
E01003139,247
E01003140,262.5
E01003142,238
E01003143,248
E01003146,240
E01003013,357.5
E01003014,300
E01003016,566.25
E01003017,575.165
E01032582,453.75
E01003244,#VALUE!
E01003245,248.75
E01003247,230
E01003249,212.5
E01003250,274.5
E01003246,182.5
E01003248,138.5
E01003251,112.5
E01003252,135.5
E01003253,189.5
E01003297,127
E01003299,340
E01003301,250
E01003302,175
E01003305,278
E01003207,272
E01003209,234
E01003210,243.75
E01003212,250
E01003215,245.975
E01003338,203
E01003339,240
E01003340,247.5
E01003341,285
E01003343,279.75
E01003199,345
E01003201,312.5
E01003204,352.5
E01003205,407.5
E01003206,335.825
E01003211,250
E01003213,275
E01003214,180.5
E01033324,327
E01033325,239.25
E01003198,352
E01003200,435.017
E01003202,480
E01003203,212.5
E01003336,180.25
E01003337,#VALUE!
E01003342,243
E01003344,213.5
E01003345,241.5
E01003273,280
E01003277,250
E01003278,249.975
E01003279,303.75
E01003288,178.5
E01003290,195
E01003291,183.125
E01003296,190
E01033327,172
E01033341,200
E01003282,250
E01003283,420
E01003284,285
E01003286,250
E01003272,350.5
E01003274,258.6
E01003275,240
E01003276,366.72
E01003225,308.7
E01003231,272.5
E01003232,383.25
E01003233,280
E01003280,290
E01003281,309
E01003285,231.5
E01003287,305
E01003292,250
E01003293,197.748
E01003295,232
E01033320,218.75
E01033322,196.5
E01003319,183.5
E01003320,232
E01003323,181.5
E01003325,230
E01003226,232
E01003227,280
E01003228,308
E01003229,232.5
E01003230,263
E01003317,208
E01003318,151.5
E01003321,242.5
E01003322,250
E01003324,184
E01003254,377.5
E01003255,230
E01003260,469.498
E01003261,247.5
E01003262,240
E01003217,216
E01003218,236.25
E01003220,165
E01003222,240
E01003224,252.5
E01003263,242.5
E01003268,241.1
E01003269,226.5
E01003270,179.5
E01003271,293
E01003307,265
E01003308,226
E01003314,275.5
E01003315,247.75
E01003316,345
E01003216,350
E01003219,247.5
E01003221,218
E01003223,320
E01003346,218
E01003349,176
E01003351,173.5
E01003354,132.5
E01003309,220.25
E01003310,220
E01003311,330
E01003312,249.995
E01003313,240
E01003256,220
E01003257,230
E01003258,241
E01003259,241
E01003193,270
E01003194,194.25
E01003195,235
E01003196,193
E01003197,205
E01003347,130
E01003348,225
E01003350,235
E01003352,250
E01003353,237.5
E01003264,201.25
E01003265,161.5
E01003266,175
E01003267,183
E01003329,240
E01003330,290
E01003331,317.5
E01003332,250
E01003334,202.5
E01003189,200
E01003190,162
E01003191,158.5
E01003192,175
E01003326,250
E01003327,250
E01003328,227.5
E01003333,247.495
E01003335,520
E01003236,180
E01003237,184
E01003238,177.75
E01003239,188.5
E01032564,165.15
E01003235,222
E01003240,174
E01003241,249.99
E01003243,207
E01032565,181.5
E01003298,165
E01003300,222.5
E01003303,237.5
E01003304,175
E01032579,151
E01003543,258.5
E01003544,207
E01003546,215
E01003550,132
E01003576,120
E01003581,205
E01003582,183
E01003583,228.75
E01003578,177
E01003584,292.5
E01003586,205
E01003590,209
E01003579,240
E01003585,220
E01003587,149.995
E01003591,144.563
E01003528,188.5
E01003575,212
E01003577,166.25
E01003580,200
E01003545,230
E01003548,227.75
E01003549,193
E01003557,287.5
E01003547,280
E01003555,320
E01003561,239
E01003567,169.5
E01003556,115
E01003558,149.5
E01003570,226
E01003571,206
E01003572,250
E01003551,250
E01003553,175
E01003554,246.25
E01003559,236
E01003529,245
E01003530,225
E01003531,250
E01003532,242
E01003534,221.5
E01003533,217.5
E01003560,210
E01003563,224.5
E01003588,218
E01003589,198.5
E01003616,242
E01003617,200
E01003618,228
E01003619,220.5
E01003615,237
E01033578,217.5
E01033579,211
E01033583,246.95
E01033586,211.95
E01003562,197.5
E01003564,210
E01003565,215
E01003566,218.5
E01003625,190
E01003626,232.5
E01003627,245
E01003628,236.25
E01003629,134
E01003552,249.973
E01003596,245
E01003597,220
E01003635,250
E01003568,244
E01003569,285
E01003573,214.5
E01003574,235.5
E01003520,249.498
E01003521,226.75
E01003522,190
E01003525,220
E01003526,195
E01003488,159.998
E01003489,180.498
E01003490,206.5
E01003524,216
E01003631,191.5
E01003632,227.5
E01003633,175
E01003634,234.625
E01003636,240
E01003598,183.5
E01003600,135
E01003630,217.75
E01003637,224
E01003491,170
E01003592,201
E01003599,141.5
E01003606,195
E01003535,182
E01003536,171.5
E01003621,212.5
E01003622,220
E01003623,206
E01003523,115
E01003527,200
E01003537,200
E01003542,150.5
E01003624,204
E01003492,220
E01003493,226
E01003494,199.995
E01003495,228.5
E01003594,203.5
E01003595,194.25
E01003602,227
E01003607,180
E01003496,204.25
E01003498,168.5
E01003500,240
E01003593,216.5
E01003601,226.5
E01003603,183.5
E01003605,164
E01003608,195.5
E01003538,220
E01003539,203
E01003540,168.5
E01003541,191
E01003499,125
E01003501,191.5
E01003502,182.5
E01003503,155
E01003507,180
E01003508,190.5
E01003509,138
E01003604,163
E01003483,272.5
E01003484,223.25
E01003516,180
E01003518,202.5
E01003519,195
E01003480,235
E01003482,250
E01003486,188
E01003487,210
E01003497,206.25
E01003506,137
E01033574,336.5
E01033575,272.5
E01033576,195
E01033584,198.75
E01033585,248
E01003479,165
E01003481,227.5
E01003485,222.498
E01003513,239
E01003511,184
E01003512,182.5
E01003514,182.5
E01003515,137.5
E01003517,191
E01003609,242.495
E01003611,140
E01033577,315
E01033580,240
E01033581,175
E01033582,240
E01004029,375
E01004032,380
E01004053,352.5
E01004054,312.5
E01004055,277.5
E01003927,363
E01003929,360
E01003934,727.5
E01003935,691.25
E01003939,367.5
E01003976,385
E01004027,330
E01032637,495
E01032638,611.5
E01032640,480
E01032646,471.25
E01032803,385
E01032834,666.25
E01003975,332.5
E01003978,275
E01004022,262.5
E01004023,400
E01004028,224.5
E01003938,253
E01003940,250
E01003941,520
E01003942,282.498
E01003979,307.5
E01003981,328
E01004030,540
E01004031,287.5
E01004033,271
E01004034,193.5
E01004036,176.25
E01004056,298.725
E01004057,308.5
E01004058,318
E01004059,348
E01004060,284.25
E01003936,465
E01003937,250
E01003943,246
E01032720,220
E01003977,156.5
E01004037,188.75
E01004038,183
E01004042,222
E01004043,340
E01003986,164.75
E01003987,249.995
E01004024,199
E01004035,183.475
E01003960,295
E01003961,194
E01003994,220
E01032722,230
E01003980,201.5
E01004039,219.75
E01004040,169.25
E01004041,181.5
E01004044,284.5
E01003992,249.975
E01003995,250
E01003998,322.7
E01003999,225
E01032639,305
E01032719,342.13
E01003964,441.5
E01003966,193.5
E01003968,138
E01003971,#VALUE!
E01003974,125
E01003963,195
E01003967,202
E01003970,264.4
E01003972,215
E01003973,186.5
E01003923,286.25
E01003969,244.5
E01003991,250
E01003993,130
E01003997,339
E01003983,127
E01003988,200
E01003989,130
E01003990,225
E01004007,210
E01003912,124
E01004011,160
E01004012,198.75
E01004013,161
E01004014,177.5
E01003911,268
E01003916,290
E01003917,392.5
E01003918,155
E01003925,290
E01003919,352.475
E01003920,159
E01003921,192.85
E01003922,220
E01003924,232.5
E01003926,202
E01004008,167.5
E01004010,180
E01004067,247.5
E01032805,215
E01003984,236.375
E01004003,207.5
E01004004,273
E01004005,189.975
E01004006,270
E01003913,412.5
E01003914,461.502
E01003915,242
E01004050,254
E01004052,294.5
E01004061,463
E01004062,249.95
E01004063,443.375
E01004065,444.25
E01004066,310
E01004000,250
E01004001,320
E01004019,338.75
E01004064,237
E01004068,209.75
E01004045,188.5
E01004047,185
E01004048,343.75
E01004049,323
E01004051,236.5
E01003953,430
E01003955,372
E01004015,327.5
E01004021,323
E01004046,321.333
E01004002,389.75
E01004016,330
E01004017,300
E01004020,195
E01003952,560
E01003954,464
E01003956,410
E01004071,354
E01004072,652.95
E01004069,975
E01004070,412.5
E01004073,652.5
E01004074,695
E01004075,1087.5
E01003949,250
E01003950,228.5
E01003957,294
E01003958,410.5
E01004018,295
E01003945,316.5
E01003946,359.5
E01003947,238
E01003948,245.75
E01003951,575
E01003930,280
E01003932,250
E01003933,304
E01032583,385
E01032584,350
E01004222,201
E01004223,217.5
E01004224,249.998
E01004226,212
E01004197,272.5
E01004198,272.5
E01004199,219
E01004201,297.125
E01004228,385
E01004230,285
E01004232,537
E01004233,241
E01004234,552.5
E01004225,290
E01004229,247
E01004231,236
E01032764,231.25
E01032765,250
E01032784,240
E01004200,320
E01004202,245
E01004203,275
E01004204,235
E01004311,270
E01004314,620
E01004315,373.5
E01004318,216
E01004259,246
E01004260,235
E01004263,219.75
E01004266,472.5
E01004235,190
E01004236,170
E01004237,180
E01004238,250
E01004239,182.75
E01004312,220
E01004313,317.5
E01004316,352.5
E01004317,355
E01004261,236.375
E01004262,235
E01004264,220
E01032785,340
E01032786,226.375
E01004207,312.5
E01004209,222.498
E01004212,250
E01032787,238.5
E01004240,223.75
E01004241,212
E01004242,260
E01004267,227
E01004268,241.3
E01004205,217
E01004206,220
E01004208,218
E01004211,246.25
E01004269,242.5
E01004270,350
E01004271,221
E01004272,220
E01004273,310
E01004306,400
E01004307,413
E01004308,250.75
E01004309,250
E01004310,339.5
E01004283,237.5
E01004287,249.999
E01004289,315
E01004290,399.995
E01004322,244.5
E01004323,205
E01004324,285
E01004326,220
E01004245,172
E01004246,276.5
E01004248,168
E01004249,185
E01004284,213
E01004285,130
E01004286,440
E01004288,210
E01004243,185.75
E01004244,245
E01004247,205
E01004250,200
E01004319,244.5
E01004321,282.5
E01004325,367.5
E01032766,410
E01032767,361.5
E01004298,190
E01004300,336.25
E01004304,320
E01004305,231.25
E01004251,205
E01004254,325.25
E01004255,275
E01004258,487.5
E01004252,240
E01004253,213.75
E01004256,240.75
E01004257,230
E01004301,499
E01004302,230
E01004303,245
E01032768,421.5
E01032769,315
E01004292,412.5
E01004294,356.5
E01004295,297.275
E01004296,272.5
E01004291,378.5
E01004293,552.5
E01004297,442.5
E01004215,350
E01004219,250
E01004221,295
E01032776,340
E01032777,250
E01032778,297.5
E01032779,445
E01032780,437.168
E01004214,184.425
E01004216,308
E01004217,261
E01004218,330
E01004274,402.5
E01004275,301
E01004276,365
E01004281,266.25
E01032775,344.25
E01032783,251.25
E01004280,287.5
E01032770,285.05
E01032772,172
E01032773,305
E01032774,352.5
E01004277,446
E01032771,490
E01032781,352.5
E01032782,385
E01004560,460
E01004566,500
E01004582,680
E01004583,565
E01004562,222.5
E01004563,177.5
E01004564,326.5
E01004567,184
E01033098,485.05
E01033100,315
E01033132,338.5
E01004539,360
E01004540,351.25
E01004577,485
E01004584,172.5
E01004579,725
E01004580,322.5
E01004581,288.5
E01033099,359
E01033101,490
E01033133,430
E01004565,352.25
E01004590,400.25
E01004591,381
E01004592,485
E01004604,1062
E01004605,750
E01004606,510
E01004607,888.475
E01004608,506.8
E01004535,168
E01004537,211.25
E01004538,259.5
E01004541,230
E01004534,581.25
E01004536,238
E01004552,393.75
E01004585,490.08
E01004588,510
E01004554,580
E01004556,889
E01004586,430
E01004587,585
E01004589,619.975
E01004509,335
E01004511,460
E01004602,421
E01004609,475
E01033093,505
E01033135,497.5
E01004506,412
E01004638,950
E01004639,332.5
E01004640,371
E01004641,421.5
E01004508,400
E01004510,382.5
E01004514,639.5
E01004515,305
E01004551,410
E01004568,143
E01004574,196
E01004575,225
E01004576,282.5
E01004500,412.5
E01004501,375
E01004503,341
E01004505,352.4
E01004507,324
E01004553,475
E01004557,568.75
E01004558,840.001
E01004559,955
E01004619,331
E01004572,400
E01004642,374
E01004643,287.5
E01004644,361.75
E01004645,220
E01004477,1038
E01004478,1100
E01004479,705
E01004550,750
E01004555,950
E01004494,289.95
E01004513,284.7
E01004600,260
E01004601,298.5
E01004493,333.25
E01004512,797.5
E01004620,458.75
E01004621,382
E01004623,647.5
E01004627,475
E01004499,422.5
E01004502,590
E01004504,475.05
E01004594,630
E01004596,627.526
E01004629,510
E01004472,510
E01004474,376.25
E01004476,435
E01004542,782.5
E01004544,835.5
E01004628,370
E01004630,230
E01004631,232.5
E01004633,212
E01004569,301.25
E01004570,112
E01004571,220
E01004573,235
E01004495,299.95
E01004496,370
E01004497,468.5
E01004622,260
E01004624,347.5
E01004593,410.5
E01004595,335
E01004597,450
E01004598,377.5
E01004599,651.923
E01004473,445
E01004475,387.5
E01004480,407.75
E01004483,283.5
E01004484,373
E01004486,335
E01004543,587
E01004545,242.5
E01004546,426.638
E01004549,345
E01004625,1250
E01004626,352.25
E01004632,295
E01004634,269.75
E01004635,250
E01004636,447.5
E01004637,276.5
E01004481,287
E01004488,397.625
E01004547,604
E01004548,239
E01004482,410
E01004485,399.95
E01004487,377.5
E01004489,353.51
E01004490,386.5
E01004491,213.75
E01004492,395
E01004498,398
E01004532,300
E01004611,460
E01004612,338.5
E01004618,479
E01004531,300
E01004533,265
E01004610,342.5
E01004613,245
E01004614,249.95
E01004615,305
E01004616,249.975
E01004617,317.5
E01004525,274
E01004526,250
E01004527,312.5
E01004528,217
E01004529,255
E01004530,250
E01004516,437
E01004518,316.75
E01004519,266
E01004520,290
E01004523,400
E01004517,249.95
E01004521,250
E01004522,240
E01004524,160
E01004647,655
E01004649,1385
E01004724,420
E01004730,752.5
E01004646,1050
E01004648,499.95
E01004650,950
E01004710,315
E01004711,352.5
E01004651,473
E01004725,435
E01004726,625
E01004728,482.5
E01004729,381.5
E01004718,429.25
E01004719,470
E01004720,498.5
E01004721,277.5
E01004722,352.5
E01004674,320
E01004675,330
E01004677,408.75
E01004678,337.5
E01004679,307.5
E01004723,305
E01004676,405
E01004706,645
E01004707,707.5
E01004708,440
E01004756,420
E01004701,595
E01004703,797.5
E01004705,715
E01004709,517.5
E01033600,968
E01033608,517.5
E01004659,531.225
E01004660,745
E01004712,813.75
E01004727,625
E01004670,377.5
E01004702,295
E01033598,390
E01033601,490
E01033602,310
E01033603,404.25
E01033604,195
E01033605,295
E01004754,340
E01004755,355
E01004757,497
E01032512,432.5
E01032513,340
E01004713,825
E01004714,815
E01004716,650
E01004717,680
E01004762,973.5
E01004657,1025
E01004658,525
E01004661,799.95
E01004662,727.5
E01004663,785
E01004715,335
E01004763,434
E01004765,1000
E01033595,760
E01033596,1135
E01004653,757.5
E01004654,675
E01004656,620
E01004760,532.5
E01033606,485
E01033607,455
E01004680,660
E01004683,790
E01004684,620
E01004686,412.5
E01033593,673
E01033594,840
E01004681,625
E01004682,712.5
E01004694,890
E01004697,649.975
E01004700,740
E01004652,442.5
E01004693,907.5
E01004695,640
E01004696,395
E01004698,492.475
E01004699,650
E01004734,532.5
E01004735,650
E01004736,728.9
E01004761,1553.878
E01004687,1650
E01004688,1250
E01004689,2410
E01004690,2090
E01004691,1521.1
E01004692,1735.5
E01004731,767.5
E01004732,425
E01004733,715
E01004744,627.5
E01004748,978.5
E01004740,384
E01004743,684
E01004745,550
E01004746,305
E01004747,610
E01004742,540
E01004749,680
E01004751,957.5
E01004752,493.125
E01004753,451.25
E01004666,375
E01004667,435
E01004668,612
E01004750,592.5
E01033597,897.5
E01033599,641
E01004665,325
E01004669,320
E01004737,1019.975
E01004738,540
E01004739,499.95
E01004741,457.5
E01000027,182.5
E01000028,150
E01000029,231
E01000030,176.5
E01000031,223.75
E01000032,216
E01000110,212
E01000111,174
E01000112,185
E01000113,204.5
E01000034,172.5
E01000037,205
E01000038,205
E01000039,192.5
E01000063,163.5
E01000100,160.5
E01000101,159.5
E01000109,167.5
E01000114,180
E01000033,172
E01000060,158
E01000061,116.5
E01000062,163
E01000064,142.5
E01000065,158.75
E01000078,155.748
E01000080,158.75
E01000081,169
E01000082,155
E01000083,169
E01000102,160
E01000021,160
E01000022,165
E01000023,179.995
E01000024,169.5
E01000025,160.5
E01000077,167.25
E01000015,150
E01000016,159.995
E01000017,167.5
E01000018,162
E01000079,146
E01000035,180
E01000036,202.5
E01000107,175
E01000108,190
E01000066,259.748
E01000067,250
E01000069,298
E01000070,250
E01000071,249.995
E01000057,152.5
E01000073,155
E01000074,152
E01000075,181.5
E01000076,151
E01000013,161
E01000014,160
E01000059,150.998
E01000084,151
E01000085,147.75
E01000086,160
E01000103,167.5
E01000104,134.925
E01000105,154.5
E01000106,105
E01000007,212
E01000008,140
E01000010,151.475
E01000012,170
E01000006,240.5
E01000009,226.5
E01000011,214
E01000044,183
E01000068,260
E01000041,160
E01000042,153.5
E01000045,139.5
E01000046,158
E01000072,172.75
E01000054,159.5
E01000055,152
E01000056,155
E01000058,168
E01000095,159.75
E01000040,173
E01000043,225
E01000050,188.5
E01000052,149.5
E01000092,175
E01000053,112
E01000087,160
E01000088,159
E01000089,150
E01000090,150
E01000048,129
E01000049,135
E01000051,137
E01033587,135
E01033588,156
E01000091,171.25
E01000093,178.5
E01000094,160
E01000096,165
E01000019,170
E01000020,155
E01000097,196.5
E01000098,207
E01000099,205
E01032580,176.5
E01000248,320
E01000249,489
E01000250,327.5
E01000254,406.25
E01000292,295
E01000293,420
E01000167,225
E01000246,330
E01000247,250
E01000251,212.25
E01000252,287
E01000166,326
E01000168,407.5
E01000169,275
E01000172,352.498
E01000285,250
E01000287,268.75
E01000288,345
E01000289,235
E01000291,277.475
E01000294,347.325
E01000267,375
E01000268,226.45
E01000269,344.5
E01000270,248.475
E01000170,249
E01000171,200
E01000173,372.5
E01000174,270
E01000175,348.5
E01000228,493
E01000253,1100
E01000279,700
E01000280,830
E01000286,245
E01000290,437.5
E01000271,340
E01000272,870
E01000273,320
E01000281,225
E01000282,450
E01000115,457
E01000116,340
E01000119,434.5
E01000120,505
E01000122,365.5
E01000117,319
E01000118,355
E01000121,302
E01000123,277.5
E01000124,265
E01000265,220
E01000266,609
E01000274,291.725
E01000320,462.5
E01000322,233
E01000275,330
E01000277,299.375
E01000283,705
E01000284,295
E01000321,293.75
E01000195,175
E01000229,312.5
E01000230,322.5
E01000231,205
E01000232,421.75
E01000233,331
E01000186,486.25
E01000187,395
E01000188,592.5
E01000189,271.5
E01000190,465
E01000191,499.95
E01000158,258.25
E01000159,495
E01000160,310
E01000161,250
E01000162,378
E01000324,405
E01000256,323.5
E01000258,420
E01000263,760
E01000264,290
E01000255,326.5
E01000257,265
E01000261,552.5
E01000262,390
E01000192,307.5
E01000193,420
E01000194,319.5
E01000226,218
E01000227,350
E01000299,220
E01000300,317.5
E01000302,250
E01000317,286
E01000318,405
E01000323,220
E01000276,572.5
E01000278,605
E01000301,495
E01000303,600
E01000304,273
E01000130,232
E01000132,230
E01000133,236.25
E01000234,415
E01000235,286
E01000156,307.5
E01000157,207
E01000163,171
E01000164,261.5
E01000165,369
E01000315,285
E01000197,400
E01000295,515
E01000296,273
E01000298,304.9
E01000125,221
E01000127,232.5
E01000128,245
E01000129,228.5
E01000131,248.75
E01000134,230.5
E01000198,482.5
E01000199,472.5
E01000204,340
E01000259,365
E01000260,286.25
E01000126,219
E01000151,200
E01000152,174.5
E01000153,228.75
E01000154,215
E01000176,321
E01000178,509
E01000184,225
E01000297,266
E01000316,250
E01000319,290
E01000196,323.75
E01000200,318
E01000201,1170
E01000202,352.5
E01000203,377.5
E01000177,340
E01000179,315
E01000180,332.5
E01000181,685
E01000182,514
E01000185,202
E01000147,322
E01000148,213.25
E01000155,209
E01033572,287.45
E01033573,275.5
E01000239,235
E01000240,350
E01000241,340
E01000309,331
E01000237,340
E01000242,554.975
E01000243,239
E01000244,315
E01000245,325
E01000314,335
E01000183,337.5
E01000206,3175
E01000207,1205
E01000208,570
E01000210,352.5
E01000213,2193.75
E01000236,310
E01000238,375
E01000310,392.125
E01000311,655
E01000205,575
E01000209,665
E01000211,342.5
E01000212,600
E01000216,648
E01000217,650.4
E01000150,224
E01000305,250
E01000306,330
E01000308,250
E01000312,245
E01000313,250
E01000145,580
E01000215,390
E01000218,543
E01000219,601
E01000220,425
E01000225,465
E01000135,440
E01000136,1265
E01000144,835
E01000146,450
E01000214,407
E01000141,235
E01000221,161
E01000223,300
E01000307,280
E01000138,430
E01000142,213.75
E01000222,362
E01000224,410.25
E01000137,335
E01000139,328.25
E01000140,413.5
E01000143,243.75
E01000466,90.5
E01000467,115.25
E01000468,166.5
E01000469,147
E01000416,166
E01000418,168.5
E01000422,#VALUE!
E01000464,110
E01000465,82
E01000470,119.5
E01000333,155
E01000335,161
E01000336,122.5
E01000337,155
E01000338,170
E01000403,195
E01000404,128.998
E01000405,158.5
E01000408,159.975
E01000332,148
E01000402,210
E01000406,145
E01000407,161.25
E01000334,227.5
E01000417,247
E01000419,226.25
E01000420,222.5
E01000442,241.933
E01000437,220
E01000438,180
E01000439,181.475
E01000440,238.532
E01000441,166.25
E01000373,140
E01000429,99.5
E01000430,170
E01000431,165
E01000432,167.5
E01000433,171.5
E01000434,145
E01000356,250
E01000357,259
E01000359,250
E01000421,250
E01000450,212.5
E01000451,191
E01000452,221.25
E01000367,177
E01000368,173.248
E01000372,180
E01000380,116
E01000435,162.5
E01000353,280.5
E01000354,215
E01000355,237.498
E01000358,234.5
E01000436,250
E01000401,198
E01000453,221.5
E01000454,210
E01000455,235
E01000456,220
E01000325,262.5
E01000326,177.5
E01000369,208
E01000370,230
E01000371,209.112
E01000360,212.5
E01000362,189.5
E01000365,194.998
E01000366,233.5
E01000394,237.5
E01000388,237.5
E01000392,210
E01000409,225
E01000411,234
E01000414,189.995
E01000415,294
E01000327,265
E01000328,249.5
E01000329,227.5
E01000330,197.5
E01000331,225
E01000340,225.5
E01000395,299
E01000396,237.5
E01000410,219
E01000412,225
E01000413,214
E01000374,172
E01000375,175
E01000376,190
E01000377,157.5
E01000378,186
E01000379,195.5
E01000348,329
E01000349,250
E01000361,220
E01000363,250
E01000389,275
E01000390,208
E01000393,221.5
E01000346,201
E01000347,210
E01000350,288.75
E01000352,168.975
E01000391,207
E01000341,212.5
E01000342,215
E01000343,245
E01000345,241.5
E01000460,355
E01000364,336
E01000444,360
E01000447,275
E01000448,386.25
E01000449,303.25
E01000351,248.5
E01000443,230
E01000445,293
E01000446,215
E01000461,350
E01000339,265
E01000344,246
E01000423,304.998
E01000425,312.5
E01000463,270
E01000424,203.75
E01000426,223.113
E01000427,210
E01000457,170
E01000462,184.5
E01000382,330
E01000384,193.498
E01000387,250
E01000428,202
E01000458,290
E01000459,197.5
E01000381,187.5
E01000383,271.6
E01000385,187.5
E01000386,171.5
E01000398,195.5
E01000399,240
E01000400,221.25
E01032566,170
E01000587,340
E01000589,320
E01000590,332.5
E01000592,382.475
E01000593,297.5
E01000594,240
E01000513,334
E01000514,275
E01000516,281
E01000520,189
E01000588,300.5
E01000515,190
E01000517,410
E01000543,325
E01000591,297.5
E01033463,340
E01000536,530
E01000538,515
E01000539,390
E01000540,300
E01000541,330
E01000518,338
E01000519,282.5
E01000623,398.5
E01000624,304
E01000629,298
E01000480,460
E01000484,244
E01000485,270
E01000486,365
E01000487,298.75
E01000572,380
E01000573,325
E01000574,285
E01000575,320
E01000577,202
E01000562,530
E01000563,499.975
E01000566,367
E01000568,300
E01000569,375
E01000479,550
E01000481,215
E01000482,243.5
E01000483,180
E01000625,250
E01000498,305
E01000622,154.5
E01000626,261.25
E01033464,301.5
E01000497,300
E01000499,332
E01000501,228
E01000502,240
E01000503,401.5
E01000570,285
E01000571,411
E01000576,355
E01000578,248
E01000564,240
E01000565,350
E01000607,258.5
E01000608,268.5
E01000613,230
E01000506,235
E01000509,326
E01000510,229
E01000511,447
E01000627,249
E01000628,350
E01000553,285
E01000554,290
E01000555,645
E01000556,300
E01000557,264.5
E01000558,580
E01000567,220.5
E01000606,259
E01000609,265
E01000611,257.475
E01000615,145
E01000617,262.25
E01000618,287.5
E01000619,270
E01033424,240
E01033457,367.5
E01000504,328.75
E01000505,555
E01000507,380
E01000512,480
E01000559,324
E01000610,182.5
E01000612,230
E01000631,262.5
E01000633,310
E01000634,230.5
E01000616,243
E01000620,282.5
E01000621,271
E01000635,245
E01000636,249.95
E01000596,245
E01000601,225
E01000602,235
E01000603,198.75
E01000604,237.5
E01000605,#VALUE!
E01000488,797.5
E01000637,245
E01000639,289.95
E01000642,249
E01000644,312.5
E01000490,366.25
E01000494,266
E01000495,330.762
E01000560,402.916
E01000561,352.5
E01000638,217
E01000640,240
E01000641,215
E01000643,278
E01000508,206
E01000521,223
E01000522,218
E01000526,216.5
E01000527,226.5
E01000528,245.75
E01000471,249
E01000474,223
E01000476,270
E01000477,270
E01000630,250
E01000595,180
E01000599,150.75
E01000600,180
E01033456,230
E01000545,366.475
E01000546,353.8
E01000547,295
E01000548,320.5
E01000549,430
E01000472,206
E01000473,198
E01000475,250
E01000478,281.5
E01000632,237
E01000489,311.25
E01000491,375
E01000492,692.5
E01000493,580
E01000581,374.975
E01000523,249.975
E01000524,207.5
E01000525,210
E01000533,210
E01000535,320
E01033455,269
E01033485,283.784
E01000579,343
E01000580,499.95
E01000582,952
E01000583,460
E01000586,302.5
E01000530,380
E01000531,346
E01000532,435
E01000534,345
E01000584,580
E01000585,374.975
E01000544,243
E01000550,327.5
E01000551,245
E01000552,339.25
E01000779,185
E01000780,213.75
E01000781,175
E01000782,179
E01000783,175.5
E01000785,185.5
E01000689,247.95
E01000690,300
E01000691,299.95
E01000692,295
E01000784,285
E01000799,285
E01000802,250
E01000803,250
E01000804,387.5
E01000805,255
E01000740,172
E01000741,194.745
E01000742,182.75
E01000745,235
E01000746,250
E01000709,200
E01000710,203.5
E01000711,242.975
E01000714,281
E01000718,187.25
E01000645,596
E01000649,462.5
E01000694,508.9
E01000695,415
E01000696,525
E01000697,295
E01000674,230.75
E01000676,199.975
E01000820,245.5
E01000822,250
E01000823,240
E01000824,198
E01000825,228
E01000743,159
E01000744,160
E01000796,200
E01000798,262.5
E01000800,171
E01000806,220
E01000693,417.5
E01000698,660.25
E01000736,238
E01000737,193.5
E01000672,265
E01000673,292.5
E01000716,276
E01000717,221.5
E01000828,270
E01000712,250
E01000713,245.5
E01000715,278.25
E01000770,392
E01000772,349.995
E01000700,240
E01000702,275
E01000703,270
E01000706,173.75
E01000797,268.288
E01000729,183.75
E01000730,190
E01000735,193
E01000738,198.25
E01000739,172
E01000699,212.25
E01000701,250
E01000704,269
E01000705,238
E01000801,162
E01000646,232.5
E01000647,247.498
E01000648,285
E01000653,507.5
E01000678,344
E01000670,468
E01000675,397.5
E01000677,250
E01000762,255
E01000829,270
E01000719,160
E01000720,153.5
E01000721,159
E01000724,183.5
E01000728,188
E01000651,276.475
E01000668,287.5
E01000669,250
E01000671,248.75
E01000679,250
E01000826,569.95
E01000827,237.5
E01000830,725
E01000831,266.25
E01000833,490
E01000650,575
E01000652,388.75
E01000807,468
E01000809,355
E01000722,209.995
E01000725,172.25
E01000731,199
E01000732,284
E01000733,235
E01000769,342.25
E01000773,385
E01000775,358.5
E01000777,327.5
E01000778,270
E01000808,431.25
E01000810,460
E01000811,370
E01000813,300.753
E01000815,565
E01000661,352.495
E01000662,259
E01000663,257
E01000664,272.5
E01000763,365
E01000764,275
E01000766,385
E01000767,362.5
E01000834,385
E01000727,234.4
E01000734,245
E01000790,210
E01000812,374.5
E01000814,500
E01000723,245
E01000726,195.5
E01000787,203.5
E01000788,225.998
E01000791,267.5
E01000832,397.5
E01000835,310.5
E01000836,367.5
E01000837,286
E01000838,362.616
E01000839,413.266
E01000840,455
E01000841,307.5
E01000753,257.5
E01000754,250
E01000755,415
E01000757,362.5
E01000758,327.525
E01000786,307.5
E01000789,160.75
E01000792,250
E01000793,365
E01000795,280
E01000665,320
E01000666,435
E01000667,925
E01000756,375.5
E01000759,355
E01000760,315
E01000761,352.5
E01000765,330
E01000768,213.75
E01000681,260
E01000682,250
E01000683,230
E01000684,323.5
E01000794,380
E01000749,315
E01000750,250
E01000751,285
E01000752,267
E01000680,490
E01000685,262.5
E01000686,410
E01000687,297.998
E01000688,652.5
E01000654,229.125
E01000655,232
E01000656,248
E01000657,205
E01000659,247.5
E01000816,249.998
E01000818,300
E01000819,230
E01032562,183
E01032563,370
E01000707,377.5
E01000708,290
E01000771,350
E01000774,315
E01032568,235
E01000658,292.5
E01000747,385
E01000748,361.5
E01032570,270
E01001137,202.5
E01001138,182.5
E01001156,218.5
E01001162,242.5
E01001164,246.875
E01001084,375
E01001157,365
E01001159,295
E01001160,292.5
E01001163,203
E01001083,300
E01001086,272.5
E01001087,200
E01001161,235
E01001085,272.475
E01001088,242.5
E01001089,238.75
E01001090,200
E01001091,170
E01001147,185
E01001148,181.25
E01001151,187.5
E01001152,198
E01001158,200
E01001146,202.5
E01001149,185
E01001150,245
E01001153,211
E01001154,160
E01001136,140
E01001139,165
E01001140,160
E01001142,300.05
E01001144,180
E01001141,205
E01001143,175
E01001145,135
E01001191,184
E01001192,170
E01000994,227.5
E01000995,240
E01000996,220
E01000997,218.75
E01000999,190
E01001002,208.25
E01000998,140
E01001000,268.5
E01001003,186
E01001111,181.1
E01001155,136.5
E01001174,247.75
E01001175,189.5
E01001176,225
E01001182,249
E01001183,150
E01001184,242.5
E01001001,164.25
E01001109,165
E01001112,145.25
E01001113,143
E01001114,183.75
E01001116,165
E01000992,240
E01001185,183.5
E01001186,210
E01001188,180
E01001193,209.5
E01001004,180
E01001115,159
E01001117,172.5
E01001178,140
E01001181,122.5
E01001006,170
E01001007,210
E01001177,205
E01001179,196.938
E01001180,180
E01000980,207.5
E01000981,215
E01000982,204
E01000983,231.25
E01001187,189.975
E01000989,275
E01000991,300
E01001131,225
E01001132,280
E01001134,248.5
E01001005,193.5
E01001008,172.5
E01001009,202.5
E01001010,185
E01001011,187.5
E01001012,245
E01001013,162
E01001048,172.5
E01001110,200
E01001118,166.5
E01000985,287.5
E01000986,272.5
E01000987,280
E01000993,250
E01000975,232.5
E01000976,202
E01000977,170
E01000978,177.5
E01000979,237.475
E01000984,209
E01001044,266
E01001046,193.5
E01001049,380
E01001050,213
E01001014,167.995
E01001042,204
E01001165,225.5
E01001166,173
E01001168,176
E01001127,330
E01001128,233.8
E01001130,123
E01001135,317
E01001062,380.4
E01001063,242.5
E01001064,310
E01001129,340
E01001133,265
E01001035,185.5
E01001043,185
E01001045,203
E01001047,224.75
E01001170,161
E01001167,230
E01001169,225
E01001171,232
E01001172,212.75
E01001173,188
E01001036,277.5
E01001037,208
E01001038,170
E01001039,435
E01001040,220
E01001051,163
E01001052,158
E01001054,163
E01001056,162
E01001057,#VALUE!
E01001033,239.5
E01001034,195
E01001041,210
E01001095,220
E01001100,330
E01001053,163
E01001055,105
E01001077,215
E01001078,182.5
E01001082,189
E01001120,248.975
E01001122,388
E01001123,345
E01001124,425
E01001125,300.75
E01001058,213.25
E01001059,160
E01001060,185
E01001061,153
E01001065,169
E01001066,197.5
E01001119,244
E01001126,242.5
E01001032,425
E01001101,377.5
E01001102,322.5
E01001107,415
E01001108,357.5
E01001076,198.25
E01001079,185
E01001080,172.735
E01001081,169
E01001073,248
E01001092,364
E01001093,212.5
E01001096,402.5
E01001097,196
E01001098,417
E01001028,575
E01001029,430
E01001030,427.5
E01001031,447.5
E01001094,768.912
E01001103,342.25
E01001105,256.5
E01001106,282.5
E01001121,360
E01001069,262.5
E01001070,249.95
E01001075,239
E01001099,248
E01001015,355
E01001016,239
E01001023,190
E01001067,380
E01001074,242.5
E01001068,360
E01001071,267.5
E01001072,535
E01001104,297.5
E01001017,395
E01001024,220
E01001025,267.5
E01001026,249
E01001027,482.5
E01001018,303.5
E01001019,355.25
E01001020,250
E01001021,212.5
E01001022,270
E01000990,198.25
E01001189,185
E01001190,198
E01001194,204.5
E01032569,225
E01001269,255
E01001271,250
E01001309,265
E01001310,249.975
E01001311,250
E01001307,275
E01001308,320
E01001312,250
E01001313,290
E01001314,272
E01001315,233
E01001316,190
E01001317,168
E01001318,182
E01001320,192.498
E01001321,240
E01001270,250
E01001319,250
E01001322,279.25
E01001323,180
E01001341,270
E01001342,273
E01001343,287.5
E01001345,250
E01001265,237.386
E01001266,315
E01001267,197
E01001272,312.5
E01001349,282.5
E01001344,202.5
E01001346,252.5
E01001347,266.25
E01001348,266
E01001257,230
E01001324,184.25
E01001326,185.5
E01001330,138.5
E01001332,162
E01001325,250
E01001327,250
E01001328,193.5
E01001329,177.5
E01001331,124
E01001258,250
E01001262,167.5
E01001263,224.5
E01001264,240
E01032743,151
E01032744,203.75
E01001276,260
E01001277,250
E01001278,250
E01001280,282.5
E01001218,172
E01001260,227.5
E01001261,240
E01001268,292.5
E01001209,540
E01001211,286
E01001279,585
E01001281,515
E01001217,250
E01001259,209
E01001291,257
E01001292,277.5
E01001293,245
E01001196,225
E01001238,200
E01001239,225
E01001246,291
E01001247,419.5
E01001210,266
E01001282,250
E01001283,246
E01001285,270
E01001286,275
E01001287,277.5
E01001294,231
E01001295,248.975
E01001296,250
E01001297,159
E01001298,265
E01001204,412.5
E01001205,247.5
E01001206,495
E01001207,295
E01001208,499.5
E01001212,363
E01001222,270
E01001224,360
E01001226,305
E01001227,670
E01001228,366
E01001221,280
E01001223,298.5
E01001225,484.975
E01001235,301.5
E01001236,395
E01001273,500
E01001274,540
E01001275,337.5
E01001195,376.25
E01001197,308.5
E01001198,480
E01001199,300
E01001284,343.475
E01001288,374.5
E01001289,270
E01001290,291.5
E01001213,207
E01001214,250
E01001215,250
E01001216,229.5
E01001361,157.5
E01001240,363.5
E01001241,332.5
E01001242,550
E01001243,246.25
E01001244,235
E01001245,335
E01001200,435
E01001201,682.5
E01001202,290
E01001203,290
E01001351,260
E01001359,220
E01001360,240.5
E01001362,228
E01001363,229
E01001364,175
E01001365,248
E01001231,355
E01001234,299.95
E01001350,545
E01001352,384
E01001354,412
E01001249,314.5
E01001250,221
E01001255,408
E01001383,403
E01001388,402
E01001389,280
E01001219,170
E01001220,150
E01001334,167
E01001337,282.5
E01001338,165
E01001339,227.5
E01001340,150
E01001251,348.5
E01001252,284.075
E01001253,372.5
E01001254,344
E01001229,250
E01001230,394
E01001232,345.975
E01001233,360
E01001237,458.75
E01001386,535
E01001303,460
E01001382,622.5
E01001384,420
E01001385,459.75
E01001387,300
E01001353,293.5
E01001355,296
E01001356,194.95
E01001357,123
E01001358,253.75
E01001375,705
E01001377,1100
E01001379,765
E01001381,372
E01001248,340.25
E01001299,488.75
E01001305,486
E01001306,425.975
E01001366,200
E01001367,287
E01001368,280
E01001370,240
E01001371,225.5
E01001372,192.5
E01001373,203.75
E01001333,245
E01001335,177
E01001336,315
E01001369,167.5
E01001300,535
E01001301,296.5
E01001302,462.5
E01001304,308
E01001374,540
E01001376,323.25
E01001380,530
E01032572,490
E01001444,228.5
E01001446,172.5
E01001546,225
E01001552,241
E01001442,194
E01001545,163.5
E01001547,227.5
E01001548,200
E01001551,230
E01001445,160
E01001447,195
E01001448,212.5
E01001449,200
E01033148,182.5
E01033150,157
E01001408,250
E01001411,289
E01001412,369.995
E01001413,340.5
E01001414,191.5
E01001407,237
E01001409,178
E01001410,123
E01001516,249
E01001537,195
E01001439,181.498
E01001441,216
E01001517,175
E01001549,147.5
E01001550,228
E01001433,207
E01001434,235
E01001435,199
E01001436,242.5
E01001438,243.5
E01001469,250
E01001536,320
E01001540,197.5
E01001541,290.75
E01001542,193.75
E01001538,307.5
E01001539,275
E01001543,323
E01001544,355
E01001457,225
E01001468,244.25
E01001471,220
E01001472,226.25
E01001474,275
E01001415,250
E01001417,1047.5
E01001418,452.75
E01001422,1335
E01001440,210
E01001504,212
E01001505,208.5
E01001507,160
E01001508,195
E01001513,202.5
E01001416,477
E01001470,400
E01001473,440
E01001475,457.5
E01001437,220
E01001506,211.5
E01001509,142.5
E01001510,#VALUE!
E01001405,226
E01001406,211
E01001450,210
E01001512,222.5
E01001515,180
E01001401,310
E01001478,230
E01001484,235
E01001511,240
E01001514,220
E01001518,265
E01001451,320
E01001452,635
E01001453,465
E01001454,297.5
E01001476,183
E01001477,208
E01001481,232.5
E01001502,230
E01001503,218.998
E01001520,280
E01001522,248
E01001523,292.5
E01001524,465
E01001526,270
E01001419,250
E01001420,297.5
E01001421,245
E01001519,222
E01001525,301.25
E01001398,379
E01001399,308
E01001400,393.75
E01001402,317
E01001403,277.5
E01001455,363.75
E01001456,547.5
E01001564,370
E01001567,557
E01001568,625
E01001569,332
E01001479,205
E01001482,226
E01001487,202
E01001489,213.5
E01001491,210
E01001459,219.25
E01001460,183
E01001462,156.5
E01001480,247
E01001488,208.5
E01001483,118.75
E01001485,188
E01001486,152.5
E01001492,220
E01033146,227.5
E01033151,131
E01001404,352.5
E01001493,294.5
E01001494,300.75
E01001496,366.25
E01001570,380.5
E01001423,247
E01001425,182
E01001428,235
E01001461,240
E01001464,250
E01001521,365
E01001531,472.25
E01001532,530
E01001533,524.95
E01001535,680
E01001495,248.75
E01001498,257.5
E01001563,203.5
E01001565,335
E01001566,274
E01001424,175
E01001426,177
E01001427,228.75
E01001429,129.125
E01001430,177
E01001463,225.5
E01001465,238
E01001466,185
E01001467,210
E01001497,265
E01001499,305
E01001392,335.5
E01001528,187.5
E01001529,165
E01001530,295
E01001534,418.75
E01001431,118.5
E01001432,192
E01001555,204
E01001557,201
E01001558,190.5
E01001559,180
E01001394,259.5
E01001395,207.5
E01001397,217.5
E01001500,371
E01001556,284
E01001560,230
E01001390,304
E01001391,357
E01001393,230
E01001396,249.998
E01001501,235
E01001527,272.5
E01001458,135
E01001553,185
E01001554,106.25
E01001562,123.75
E01032574,212.75
E01001690,157.5
E01001692,157
E01001693,170
E01001694,149.25
E01001687,150.5
E01001688,161
E01033739,147.5
E01033740,167
E01033741,161.25
E01033743,207.5
E01033745,166.5
E01001575,161
E01001576,162
E01001577,153.5
E01001578,156
E01001579,173
E01001709,129.5
E01001711,120
E01001712,88.5
E01033731,228
E01033734,253
E01033735,151.5
E01033736,275
E01033737,215
E01001705,81.5
E01001706,108
E01001708,316.5
E01001710,163
E01001713,#VALUE!
E01001672,168.5
E01001673,167
E01001674,190.75
E01001675,178.75
E01001677,175
E01001631,140
E01001632,168
E01001635,175
E01001636,202.5
E01033742,190
E01033744,158.75
E01001571,188
E01001572,177
E01001573,189.25
E01001574,157
E01001629,175
E01001633,186.5
E01001634,142.5
E01001637,215
E01001695,192
E01001696,170
E01001697,200
E01001700,161.5
E01001703,153
E01001704,220
E01001588,250
E01001589,223
E01001591,225.25
E01001595,247.5
E01001590,333.5
E01001592,250
E01001593,350
E01001594,180
E01001698,133
E01001699,117
E01001701,189
E01001702,152
E01001581,350
E01001585,390
E01001586,217
E01001587,377.5
E01001678,190
E01001683,225
E01001684,205
E01001685,168
E01001646,196.225
E01001650,237.5
E01001651,192.5
E01001652,303.5
E01001679,214.995
E01001680,276.25
E01001681,190
E01001682,231.5
E01001686,180
E01001580,442.5
E01001582,310
E01001583,280
E01001584,415
E01001645,183
E01001647,270
E01001648,236.25
E01001649,200
E01001605,257.5
E01001606,250
E01001610,224.75
E01001611,233.5
E01001620,220.5
E01001621,235
E01001623,215
E01001624,243.25
E01001625,185
E01001604,341
E01001607,292
E01001608,418
E01001609,268
E01001613,200
E01001614,350
E01001615,183.5
E01001617,216
E01001653,153
E01001654,189.5
E01001655,155.25
E01001660,280
E01001661,177.475
E01001618,238.75
E01001619,215.5
E01033729,178
E01001597,250
E01001598,287.5
E01001602,222.5
E01001603,195
E01001596,281.246
E01001599,276
E01001600,256
E01001601,287
E01001669,177
E01001671,162.1
E01001676,192.5
E01032567,180.9
E01001656,438.675
E01001657,453
E01001658,190
E01001659,375
E01033726,225
E01001640,250
E01033727,275
E01033728,309.5
E01033730,305
E01001666,260
E01001667,223
E01001668,275
E01033732,222
E01033733,312.5
E01001662,373
E01001664,472.5
E01001665,395
E01033738,282.5
E01001638,177.5
E01001641,485
E01001642,787.5
E01001644,267.5
E01033746,466.5
E01002112,670
E01002114,295
E01002225,477.228
E01002226,330
E01002113,316.5
E01002115,330
E01002116,350
E01002117,300
E01002118,257.5
E01002227,250
E01002228,477.65
E01002229,333
E01002230,332.5
E01002144,405.5
E01002146,451
E01002147,518.5
E01002149,524
E01002140,275
E01002141,320
E01002142,250
E01002143,249
E01002145,320
E01002139,213
E01002148,441.25
E01002150,253.975
E01002151,232.5
E01002152,484.975
E01002119,250
E01002120,179.95
E01002121,305
E01002122,275
E01002123,319
E01002106,321.5
E01002108,365
E01002109,497
E01002110,461.25
E01002111,307.5
E01002185,246
E01002186,271.75
E01002187,489
E01002190,568
E01002124,270
E01002125,295
E01002198,285
E01002200,291
E01002203,250
E01002232,265
E01002233,235
E01002234,250
E01002235,280
E01002236,250
E01002107,335
E01002197,350
E01002199,330
E01002201,340
E01002202,190
E01002179,284.5
E01002180,194.975
E01002183,267.5
E01002184,215
E01002231,257.5
E01002154,353.5
E01002156,387.5
E01002162,265
E01002163,402.5
E01002188,800
E01002189,795
E01002192,470
E01002193,455
E01002165,300
E01002166,290
E01002167,216
E01002168,240
E01002169,302.5
E01002153,380
E01002155,325.5
E01002157,361.25
E01002158,452.5
E01002128,250
E01002130,213.25
E01002181,235
E01002182,229
E01002159,335
E01002160,216.25
E01002161,349.95
E01002164,239
E01002191,356
E01002194,500
E01002195,390
E01002196,393
E01002126,227.5
E01002127,300
E01002129,255.05
E01002131,340
E01002237,246
E01002238,316.4
E01002240,321
E01002242,364.75
E01002208,445
E01002209,410
E01002239,321.5
E01002241,285
E01002133,249
E01002136,305
E01002138,257.5
E01002213,202.5
E01002211,231
E01002212,192
E01002216,292.225
E01002217,222.75
E01002132,325
E01002134,312.5
E01002135,282.5
E01002137,336.5
E01002218,195
E01002219,222
E01002221,290
E01002222,308
E01002214,285
E01002215,240.25
E01002220,299.5
E01002223,250
E01002224,269
E01002204,264
E01002206,275
E01002207,295
E01002210,296
E01032576,318
E01002170,303.5
E01002171,327.25
E01002172,270
E01002173,355
E01002174,355
E01002175,285.5
E01002176,408
E01002177,310
E01002178,280
E01002276,260
E01002278,167.5
E01002312,188
E01002313,175
E01002277,168
E01002279,169.995
E01002281,137
E01002283,172
E01002299,179.75
E01002301,227.25
E01002303,172.5
E01002304,295
E01002306,145.5
E01002307,197.5
E01002280,138
E01002282,161
E01002284,157
E01002297,125
E01002314,152.5
E01002316,150
E01002302,235
E01002305,197
E01002308,223
E01002326,195
E01002331,196
E01002309,170.25
E01002310,158.5
E01002311,178
E01002315,172
E01002293,217.498
E01002294,246.5
E01002296,247.5
E01002298,211.5
E01002300,218.5
E01002333,275
E01002334,298.5
E01002336,230
E01002339,355
E01002341,250
E01002327,193.5
E01002328,210
E01002332,200
E01002335,210
E01002338,227.5
E01002340,239.998
E01002268,275
E01002269,249.998
E01002295,216
E01002377,223.75
E01002378,246.5
E01002383,245
E01002244,205
E01002245,182.5
E01002325,196.95
E01002329,215
E01002330,199
E01002337,510
E01002354,295
E01002376,380
E01002379,344.5
E01002380,168
E01002381,320
E01002243,199
E01002353,172
E01002356,150
E01032741,128
E01032742,169.25
E01002272,249.999
E01002274,274.5
E01002317,416.5
E01002318,289.75
E01002355,289.5
E01002382,244
E01002270,803.5
E01002271,560
E01002273,450
E01002275,403.5
E01002319,237
E01002350,185
E01002351,210
E01002352,193.5
E01002358,207.25
E01002246,210
E01002247,190.5
E01002248,171.5
E01002249,215
E01002250,211.275
E01002251,211
E01002252,210
E01002256,260
E01002258,178.75
E01002259,241
E01002391,285
E01002253,340
E01002254,355
E01002257,372.5
E01002384,328
E01002359,200
E01002360,170
E01002361,180
E01002363,308.5
E01002367,264.5
E01002320,240
E01002321,245
E01002322,213
E01002323,232
E01002324,217.75
E01002255,225
E01002289,265
E01002292,247.498
E01002362,285
E01002386,226.25
E01002287,222.5
E01002291,255
E01002364,278
E01002365,200
E01002366,200
E01002385,345
E01002387,440
E01002388,425
E01002389,425
E01002390,437.5
E01002265,195.5
E01002285,250
E01002286,250
E01002288,250
E01002290,250
E01002260,225
E01002261,205
E01002262,200
E01002263,245
E01002264,155
E01002266,209.25
E01002267,198.748
E01002372,204.5
E01002373,195.5
E01002374,203.75
E01002368,176.5
E01002369,203
E01002370,185
E01002371,185
E01002375,181.5
E01002343,225
E01002344,219.498
E01002348,215.5
E01002349,240
E01002342,175
E01002345,170.3
E01002346,169.25
E01002347,207.5
E01002473,885
E01002475,409.2
E01002476,625
E01002477,338.5
E01002482,521.25
E01002472,248.5
E01002474,250
E01002478,315
E01002483,355
E01002484,280
E01002485,246
E01002438,382.5
E01002439,250
E01002440,227
E01002441,218.75
E01002442,210
E01002433,249.999
E01002436,300.5
E01002479,308.5
E01002480,365
E01002481,278
E01002533,260
E01002534,440
E01002538,240.5
E01002539,430
E01002418,316
E01002419,333.475
E01002431,442.475
E01002432,407.475
E01002437,500
E01002430,600
E01002434,535
E01002435,550.5
E01002470,300
E01002535,280.5
E01002416,312
E01002417,370
E01002420,308.75
E01002421,332
E01002471,270
E01002465,208
E01002467,328.75
E01002494,250
E01002536,230
E01002537,500
E01002415,275
E01002466,275
E01002468,273.475
E01002469,319
E01002495,250
E01002458,485
E01002459,460
E01002460,380.5
E01002462,375
E01002464,334
E01002461,325
E01002463,457.5
E01002512,317.5
E01002513,411.5
E01002516,367
E01002450,249.975
E01002451,302
E01002452,287
E01002453,238
E01002454,230
E01002414,232.5
E01002514,222.95
E01002515,201
E01033725,230
E01002520,215
E01002521,175
E01002523,247
E01033724,232.5
E01002410,265
E01002412,250
E01002456,229.25
E01002509,417.5
E01002511,260
E01002422,248.475
E01002423,265.5
E01002424,214.75
E01002425,164.5
E01002427,242.5
E01002428,248
E01002408,165
E01002409,245
E01002429,216
E01002455,250
E01002457,260
E01002392,200
E01002393,210
E01002540,165
E01002542,220
E01002543,225
E01002394,246.25
E01002395,242
E01002397,224
E01002398,250
E01002399,230
E01002426,206.25
E01002411,230
E01002413,226
E01002518,217.5
E01002519,157
E01002550,136.5
E01002554,194.475
E01002541,211
E01002544,236.5
E01002545,231
E01002546,236.5
E01002547,245
E01002400,248
E01002401,201.5
E01002402,206.5
E01002403,218.5
E01002404,159.5
E01002548,225
E01002549,250
E01002551,249.95
E01002552,249
E01002553,226
E01002396,250
E01002501,295
E01002502,239
E01002505,150
E01002508,235.25
E01002405,210
E01002406,250
E01002503,230.5
E01002504,284.995
E01002506,155
E01002507,262
E01002486,227.5
E01002487,247.5
E01002526,223
E01002528,210
E01002532,179.777
E01002445,225
E01002525,240
E01002529,226
E01002530,212.5
E01002531,280
E01002407,160
E01002488,252.5
E01002489,245
E01002490,245
E01002492,244.975
E01002444,250
E01002446,248.14
E01002447,289.23
E01002527,225.5
E01002443,205.5
E01002448,199.95
E01002449,170
E01002491,230
E01002493,190
E01002496,240
E01002497,250
E01002498,310
E01002499,216
E01032577,280.625
E01002569,585
E01002570,873
E01002573,1145
E01002574,538.613
E01002575,695
E01002562,425
E01002564,301.25
E01002566,342.5
E01002568,235
E01033081,270
E01033082,249.999
E01002620,167.5
E01002625,343.75
E01002626,355
E01002627,186.5
E01002631,192.5
E01002633,226.5
E01002634,232.5
E01002637,170
E01002638,246.75
E01002563,448.75
E01002565,288
E01002567,250
E01002684,317.5
E01002686,262.5
E01002571,650
E01002572,352
E01002577,512.5
E01002578,872.5
E01002689,663.75
E01002690,512.5
E01002576,496.5
E01002579,362.5
E01002580,485.5
E01002581,322.5
E01002582,701.5
E01002675,453
E01002678,350
E01002679,345.25
E01002680,274.95
E01002619,286
E01002622,287
E01002632,293.5
E01002635,178.5
E01002636,291
E01002618,310
E01002621,243
E01002623,285
E01002628,230
E01002629,225
E01002630,265
E01002639,335.995
E01002640,250
E01002674,250
E01002676,424.5
E01002583,247.5
E01002584,244
E01002585,250
E01002586,255
E01002589,172.5
E01002668,220.75
E01002669,237.5
E01002681,246.25
E01002682,250
E01002683,312.5
E01002642,207
E01002643,259
E01002645,245
E01002658,290
E01002677,256.75
E01002587,210
E01002588,230
E01002660,305
E01002661,300
E01002665,125
E01002624,177.5
E01002646,249.995
E01002662,285
E01002663,205
E01002664,235
E01002641,272.5
E01002648,205
E01002649,230
E01002657,294.95
E01033083,226.225
E01033084,225
E01002653,273
E01002654,242.5
E01002655,265
E01002656,279.375
E01002659,291.5
E01002667,413.5
E01002670,277.5
E01002671,370
E01002672,195
E01002673,192
E01002647,227.5
E01002650,200
E01002651,244
E01002652,301.25
E01002666,250
E01002555,212.5
E01002556,198.5
E01002590,227
E01002592,166
E01002595,209
E01002557,220
E01002558,170
E01002559,220
E01002560,229
E01002561,125
E01002591,227.75
E01002593,212.475
E01002594,240
E01002611,226
E01002612,221
E01002613,246
E01002598,232
E01002599,203.75
E01002600,222.25
E01002603,209
E01033000,174
E01033030,168
E01002604,189
E01002605,163
E01002606,157.5
E01002607,197
E01002615,220
E01002596,136
E01002601,203
E01002602,226.248
E01002614,199.5
E01002616,242.5
E01002608,238.75
E01002609,229
E01002610,244.5
E01002617,195
E01002687,320
E01002691,455
E01002692,380
E01002693,341.5
E01032573,315.5
E01003006,500
E01003007,447.5
E01003008,425
E01003009,319.95
E01003010,660
E01002952,1350
E01002953,999.999
E01002955,522
E01002956,669.25
E01002959,679
E01002935,281.25
E01002938,427
E01002951,470
E01002954,219
E01002957,205
E01002933,500
E01002934,560
E01002937,450
E01003011,460
E01033568,282.725
E01033569,288.5
E01002964,250
E01002969,125
E01002971,320
E01002972,249.725
E01002974,402.475
E01002932,245
E01002960,435
E01002962,259.975
E01002970,265
E01002973,257
E01002929,600
E01002930,232.5
E01002931,400
E01002963,237.5
E01002985,306.25
E01002927,280
E01002928,236.25
E01002958,340
E01002961,460
E01002986,343.5
E01002965,255
E01002967,298.75
E01002968,368.95
E01002990,264
E01002991,270
E01002922,275
E01002926,439.95
E01002966,344.975
E01002992,337.5
E01002921,249.975
E01002987,221
E01002988,353.5
E01002989,338
E01002975,375
E01002977,317.5
E01002980,378.25
E01002981,367.5
E01002984,286
E01002923,227.5
E01002925,290
E01002993,249.95
E01002995,365
E01002999,227
E01002915,330
E01002916,414.5
E01002917,390
E01002920,383
E01002924,522.5
E01002976,275
E01002978,415
E01002979,367.5
E01002982,415
E01002983,367.5
E01002994,249.975
E01002996,393.75
E01002997,350
E01002998,250
E01003002,238.975
E01002918,243
E01002919,246
E01003000,262.5
E01003001,278.5
E01003003,320
E01002939,237.5
E01002941,250
E01002942,265
E01003004,280
E01003005,250
E01002944,239.975
E01002945,230
E01002946,236.5
E01002947,275
E01002940,230
E01002943,250
E01002948,270
E01002949,282.5
E01002950,231.475
E01003472,628.75
E01003473,585
E01003474,1210
E01003475,250
E01003478,570.75
E01003460,1025.001
E01003462,800
E01003464,1155
E01003465,1925.5
E01003400,400
E01003454,384.975
E01003456,371
E01003476,745.5
E01003477,525
E01003401,359.75
E01003402,565
E01003403,494.45
E01003404,360
E01003461,847.5
E01003367,239.5
E01003369,233
E01003370,239.5
E01003371,293.5
E01003455,245
E01003359,322.5
E01003360,450
E01003457,640
E01003458,380
E01003459,283
E01003394,240
E01003395,250
E01003396,312.5
E01003397,239
E01003398,297.5
E01003368,245
E01003372,245
E01003393,209.5
E01003406,245
E01003407,154.5
E01003355,363
E01003356,500
E01003358,411.1
E01003383,404.75
E01003384,657.5
E01003442,564.75
E01003443,591
E01003444,390
E01003445,487.5
E01003463,937.5
E01003380,354
E01003382,380
E01003385,479.975
E01003399,322.5
E01003423,336.25
E01003357,207.5
E01003376,230
E01003377,127.5
E01003408,212.5
E01003410,172.5
E01003386,232.5
E01003388,217.5
E01003389,212.5
E01003392,212.5
E01003409,243
E01003387,180.975
E01003391,180
E01003411,220
E01003412,184
E01003435,235
E01003361,340
E01003424,528
E01003425,485
E01003426,365.86
E01003428,365
E01003366,337.5
E01003381,373.5
E01003446,249.95
E01003447,210
E01003471,380
E01003413,199
E01003414,245
E01003415,230
E01003416,231.25
E01003434,228
E01003373,175
E01003378,210
E01003379,150
E01003390,125
E01003405,213.475
E01003429,235
E01003430,170
E01003431,182
E01003432,247.475
E01003433,167.5
E01003466,347.5
E01003467,265
E01003468,328.5
E01003469,246.875
E01003470,310
E01003362,332.5
E01003363,332.5
E01003364,297
E01003365,343.5
E01003421,195
E01003374,195
E01003375,184.6
E01003437,243.5
E01003440,203
E01003441,171.25
E01003427,195
E01003436,207.5
E01003439,230
E01003448,209
E01003453,235
E01003438,212
E01003449,237.75
E01003450,218.75
E01003451,272.5
E01003452,185
E01003417,265
E01003418,280
E01003419,250
E01003420,236
E01003422,275
E01003744,425
E01003745,740
E01003746,335
E01003747,685
E01003748,500
E01003749,311
E01003750,300
E01003720,204.5
E01003722,200
E01003723,217.5
E01003726,213.5
E01003721,217
E01003724,269
E01003725,217.5
E01003727,200
E01003654,282.5
E01003655,310
E01003658,260
E01003660,300
E01003656,265.25
E01003657,250
E01003659,250
E01003698,285
E01003699,206
E01003700,268
E01003701,250
E01003702,175
E01003703,367.5
E01003704,237
E01003668,250
E01003669,391
E01003670,410
E01003671,449.995
E01003672,252.5
E01003673,307
E01003674,249.995
E01003707,280
E01003708,180
E01003709,265
E01003710,300
E01003759,422.5
E01003760,182.5
E01003761,135.5
E01003762,283.5
E01003763,285
E01003764,337.875
E01003765,315
E01003705,250
E01003706,202.498
E01003711,283.5
E01003712,350
E01003646,265
E01003648,250
E01003649,398
E01003651,302.275
E01003639,239
E01003640,243
E01003641,271
E01003642,249.999
E01003774,259
E01003775,472.5
E01003776,214
E01003777,276
E01003778,248
E01003779,302
E01003780,603.5
E01003647,317.125
E01003650,237.5
E01003652,278
E01003653,212.5
E01003638,306
E01003643,285
E01003644,283
E01003645,224
E01003789,469
E01003794,390
E01003795,480
E01003796,390
E01003661,233
E01003662,142
E01003663,233.5
E01003664,246
E01003665,235
E01003666,136
E01033590,145
E01033592,249
E01003751,273
E01003753,202.5
E01003754,250
E01003757,191
E01003769,245
E01003770,285
E01003771,235
E01003773,265.5
E01003752,304.998
E01003755,268
E01003756,250
E01003758,148.75
E01003766,244
E01003767,246
E01003768,179.75
E01003772,249.995
E01003781,181.25
E01003782,240
E01003786,305
E01003787,271
E01003790,395
E01003791,440
E01003792,451
E01003793,210
E01003783,145
E01003784,250
E01003785,175
E01003788,181
E01003683,225
E01003684,225
E01003685,215
E01003686,250
E01003688,295
E01003689,58
E01033589,153.5
E01033591,201
E01003737,310
E01003738,276
E01003739,250
E01003740,269
E01003741,275
E01003742,242
E01003743,230
E01003728,193.25
E01003729,240
E01003730,249.995
E01003732,143
E01003733,202.5
E01003731,243.043
E01003734,247.5
E01003735,159.5
E01003736,217.5
E01003713,270
E01003714,222
E01003715,250
E01003716,320
E01003718,222.5
E01003719,250
E01032581,172.498
E01003690,214.5
E01003691,331
E01003692,323.5
E01003693,374.995
E01003694,325
E01003695,175
E01003696,303.75
E01003697,360
E01003675,309
E01003676,345
E01003677,325
E01003678,350
E01003679,333.25
E01003680,320
E01003681,275
E01003682,323
E01003797,1527.5
E01003798,469.999
E01003799,1310
E01003800,472.5
E01003801,740
E01003802,715
E01003803,430
E01003846,906.25
E01003847,378.75
E01003849,587.5
E01003851,817
E01003860,620
E01003864,396.5
E01003852,380
E01003853,990
E01003854,499.95
E01003855,418
E01003856,407.5
E01003857,585
E01003858,745
E01003848,390
E01003861,477.475
E01003862,422.5
E01003863,555
E01003865,483.75
E01033570,460
E01033571,620
E01003804,499.999
E01003807,402.5
E01003808,540
E01003809,1100
E01003859,730
E01003873,367.001
E01003874,491.875
E01003875,485
E01003878,680
E01003866,613.75
E01003868,385
E01003871,522.5
E01003872,321
E01003821,475
E01003876,674.5
E01003877,566.5
E01003879,679
E01003892,500
E01003893,413.75
E01003894,660
E01003895,492.5
E01003905,323.5
E01003906,260
E01003907,292.5
E01003908,325
E01003909,380
E01003867,460
E01003869,352.5
E01003870,525
E01003910,345
E01003805,975
E01003806,1260.5
E01003816,965
E01003817,272
E01003840,265
E01003841,190
E01003842,274.95
E01003843,300
E01003844,445
E01003845,357.5
E01003882,520
E01003883,374.95
E01003896,297.5
E01003897,385
E01003898,333.75
E01003899,328.75
E01003900,327
E01003901,350
E01003902,335
E01003903,357.5
E01003904,333.75
E01003880,692.5
E01003881,372
E01003884,457
E01003885,267.5
E01003818,350
E01003819,249.95
E01003820,394.975
E01003811,419.95
E01003812,359.475
E01003890,315
E01003891,361
E01003810,522.5
E01003813,555
E01003814,287.5
E01003815,360
E01003828,385
E01003829,228.25
E01003830,355
E01003831,265
E01003832,247
E01003833,240
E01003886,362.5
E01003887,420
E01003888,385
E01003889,454.975
E01003834,345
E01003835,712.475
E01003836,390
E01003837,390
E01003838,442.5
E01003839,322.5
E01003822,640
E01003823,294
E01003824,475
E01003825,407.5
E01003826,349.95
E01003827,375
E01004125,203
E01004183,177.5
E01004184,185
E01004185,167
E01004189,195.5
E01004123,186
E01004124,197.475
E01004126,190
E01004128,193.5
E01004129,185
E01004130,250
E01004131,241
E01004134,268.5
E01004135,294.538
E01004136,250
E01004164,230
E01004166,177
E01004169,163.5
E01004186,160
E01004188,170
E01004127,202.5
E01004163,217
E01004165,228
E01004167,250
E01004187,205.35
E01004117,310
E01004121,286.5
E01004192,250
E01004193,282.5
E01004195,278.5
E01004144,268.75
E01004145,235
E01004146,211
E01004147,285
E01004116,342
E01004122,290
E01004190,261.9
E01004191,250
E01004194,227
E01004196,259.5
E01004115,248.95
E01004118,242.5
E01004119,284.95
E01004132,269.975
E01004133,270
E01004171,275
E01004172,160
E01004173,250
E01004175,227.5
E01004176,220
E01004076,198
E01004077,233.75
E01004078,190
E01004079,277.5
E01004080,307.5
E01004081,240
E01004082,275
E01004137,199.25
E01004140,152.5
E01004141,162.5
E01004142,173
E01004149,180
E01004101,282.475
E01004103,180
E01004138,235
E01004139,204
E01004168,250
E01004143,217
E01004148,225
E01004159,212.25
E01004160,220
E01004161,250
E01004097,286.25
E01004098,280
E01004099,209
E01004100,325
E01004102,249.95
E01004110,250
E01004111,300
E01004112,540
E01004120,356.5
E01004157,405.5
E01004087,380
E01004170,172.5
E01004174,230.75
E01004178,160
E01004179,280
E01004152,185
E01004155,208.5
E01004156,172
E01004158,243.5
E01004162,204.975
E01004083,151.55
E01004086,250
E01004088,167.75
E01004089,153.5
E01004182,237.475
E01004104,360
E01004107,225
E01004177,162.5
E01004180,444.975
E01004181,224
E01004090,166.5
E01004096,182.5
E01004150,190
E01004151,219.75
E01004153,186.25
E01004091,495
E01004092,227.5
E01004105,400
E01004106,665
E01004154,390
E01004084,478.5
E01004085,437.475
E01004108,245.5
E01004109,189
E01004093,395
E01004094,261
E01004095,262
E01004114,882.5
E01032623,657.5
E01004349,240
E01004350,247.5
E01004351,250
E01004356,291
E01004357,299.998
E01004352,325
E01004353,312.5
E01004354,250
E01004358,190.75
E01004359,325
E01004384,213
E01004385,228.75
E01004386,335
E01004389,234
E01004390,224
E01004355,197.5
E01004360,306.5
E01004413,267.5
E01004415,250
E01004416,275
E01004361,286
E01004414,250
E01004417,255.25
E01004451,285
E01004452,191.75
E01004450,250
E01004453,174
E01004454,218
E01004455,205.596
E01004456,250
E01004379,275.25
E01004380,250
E01004381,250
E01004383,295
E01004387,332.5
E01004388,218.75
E01004343,250
E01004344,236
E01004382,250
E01004418,250
E01004419,250
E01004398,185
E01004399,209
E01004400,220
E01004402,172.5
E01004403,220
E01004345,215
E01004348,234
E01004377,285
E01004378,300
E01004342,237.5
E01004346,245
E01004347,232.5
E01004460,220
E01004462,240
E01004396,245
E01004457,190
E01004458,240
E01004459,247.5
E01004463,188
E01004407,120
E01004410,239.975
E01004464,272.5
E01004469,159
E01004470,235
E01004471,175
E01004391,176.5
E01004393,170
E01004401,217
E01004404,161.5
E01004461,230
E01004412,282.85
E01004465,307.5
E01004466,322
E01004467,126
E01004468,286.75
E01004406,202.5
E01004408,242.5
E01004409,249.999
E01004411,235
E01004443,260
E01004447,250
E01004392,250
E01004394,196
E01004397,227.5
E01004444,182
E01004446,222.5
E01004395,245
E01004421,250
E01004445,244
E01004448,200
E01004449,212
E01004363,250
E01004364,250
E01004366,285
E01004367,260
E01004368,250
E01004365,232
E01004405,261.25
E01004420,248.5
E01004423,250
E01033153,130
E01004362,247.5
E01004436,235
E01004437,244.1
E01004439,257.5
E01004442,326
E01004422,240
E01004424,239
E01004425,175
E01004426,221
E01004427,155
E01004369,186.25
E01004370,246
E01004372,193.75
E01004432,209
E01004435,204
E01004333,208.5
E01004334,200
E01004438,290
E01004440,224.5
E01004441,224
E01004371,283.25
E01004373,181
E01004374,240
E01004375,219.998
E01004376,236
E01004336,175
E01004428,227
E01004429,212.5
E01004430,177.5
E01004434,163
E01004335,237.5
E01004337,211
E01004338,253
E01004339,245
E01004340,141
E01004341,198
E01004327,198
E01004328,223.25
E01004329,230
E01004330,230
E01004331,202.5
E01004332,210.5